AutoNumber,Descriptive Name,Comic Series,Comic Volume,Comic Number,Printing/Edition,Comic Publisher,Month/Year Published,Comic Price,Bought At,Bought Date,Bought Price,Quantity,Notes
282,Action Zone (CBS Presents),CBS Presents,1,1,,CBS,1994,0.00,K Mart (?),,0.00,1,
283,Adventures of Superman #456,Adventures of Superman,1,456,,DC,July 1989,0.75,,,,1,
284,Adventures of Superman #481,Adventures of Superman,1,481,,DC,August 1991,1.00,,,,1,1991-25
285,Adventures of Superman #484,Adventures of Superman,1,484,,DC,November 1991,1.00,,,,1,1991-37: Blackout 1
286,Adventures of Superman #492,Adventures of Superman,1,492,,DC,July 1992,1.25,,,,1,1992-27
287,Adventures of Superman #499,Adventures of Superman,1,499,,DC,February 1993,1.25,,,,1,1993-7: Funeral For A Friend 5
288,Adventures of Superman #500,Adventures of Superman,1,500,,DC,June 1993,2.50,,,,1,1993-11
477,Anything Goes! #5,Anything Goes!,1,5,,,October 1987,2.00,eBay - time_trip_3000,2005.09.07,7.90,1,$4.95 + $2.95 s/h
289,"April O'Neil Vol 1, #1",April O'Neil,1,1,,Archie,,1.25,,,,1,
290,"April O'Neil Vol 1, #3",April O'Neil,1,3,,Archie,,1.25,,,,1,
472,"April O'Neil Vol 2, #1",April O'Neil: The May East Saga,1,1,,Archie,April 1993,1.25,Mirage Publishing (Online),2005.08.26,5.00,1,
473,"April O'Neil Vol 2, #2",April O'Neil: The May East Saga,1,2,,Archie,May 1993,1.25,Mirage Publishing (Online),2005.08.26,5.00,1,
291,"April O'Neil Vol 2, #3",April O'Neil: The May East Saga,2,3,,Archie,,1.25,,,,1,
387,Batman #431,Batman,1,431,,DC,Mar 89,0.75,Power House Comics,02.15.2003,2.00,1,The Wall
388,Batman #432,Batman,1,432,,DC,Apr 89,0.75,Power House Comics,02.15.2003,2.00,1,Dead Letter Office
1,Batman #433,Batman,1,433,,DC,May 89,0.75,,,2.00,1,The Many Deaths of the Batman Part One of Three.  Chapter One: Period of Mourning.
2,Batman #434,Batman,1,434,,DC,Jun 89,0.75,,,,1,The Many Deaths of the Batman Part Two of Three.  Chapter Two: How Many Times Can A Batman Die?
3,Batman #435,Batman,1,435,,DC,Jul 89,0.75,,,,1,The Many Deaths of the Batman Part Three of Three.  Chapter Three: The Last Death of the Batman.
405,Batman #443,Batman,1,443,,DC,Jan 90,1.00,The Great Escape,03.14.2003,2.00,1,The Coming of the Crimesmith
406,Batman #444,Batman,1,444,,DC,Feb 90,1.00,The Great Escape,03.14.2003,2.00,1,Crimesmith and Punishment
407,Batman #445,Batman,1,445,,DC,Mar 90,1.00,The Great Escape,03.14.2003,2.00,1,When the Earth Dies! Chapter One: Red Square! Bloody Square!
408,Batman #446,Batman,1,446,,DC,Apr 90,1.00,The Great Escape,03.14.2003,2.00,1,When the Earth Dies Chapter Two: Underworlds
409,Batman #447,Batman,1,447,,DC,May 90,1.00,The Great Escape,03.14.2003,2.00,1,Earth Day! Demon Night!
389,Batman #448,Batman,1,448,,DC,Early Jun 90,1.00,The Great Escape,02.22.2003,2.00,1,The Penguin Affair 1 of 3: Pawns
390,Batman #449,Batman,1,449,,DC,Late Jun 90,1.00,The Great Escape,02.22.2003,2.00,1,The Penguin Affair 3 of 3: Winged Vengeance
361,Batman #450,Batman,1,450,,DC,Early July 90,1.00,The Great Escape,01.18.2003,3.00,1,Wild Card!
362,Batman #451,Batman,1,451,,DC,Late Jul 90,1.00,The Great Escape,01.18.2003,3.00,1,Judgements!
355,Batman #452,Batman,1,452,1st,DC,August 90,1.00,Power House Comics,12.20.2002,1.75,1,Dark Knight/Dark City Part One of Three.
4,Batman #453,Batman,1,453,,DC,Late Aug 90,1.00,,,,1,Dark Knight/Dark City Part Two of Three.
356,Batman #454,Batman,1,454,,DC,Sep 90,1.00,Power House Comics,12.20.2002,1.75,1,Dark Knight/Dark City Part Three of Three.
363,Batman #455,Batman,1,455,,DC,Oct 90,1.00,The Great Escape,01.18.2003,2.00,1,Identity Crisis: Part One
364,Batman #456,Batman,1,456,,DC,Nov 90,1.00,The Great Escape,01.18.2003,2.00,1,Identity Crisis Part Two: Without Fear of Consequence…
365,Batman #457,Batman,1,457,,DC,Dec 90,1.00,The Great Escape,01.18.2003,5.00,1,Master of Fear
366,Batman #458,Batman,1,458,,DC,Jan 91,1.00,The Great Escape,01.18.2003,2.00,1,Night Monsters
559,Batman #462,Batman,1,462,,DC,May 91,1.00,Downtown Books (Milwaukee WI),2007.07.21,0.89,1,
560,Batman #463,Batman,1,463,,DC,Jun 91,1.00,Downtown Books (Milwaukee WI),2007.07.21,0.79,1,
561,Batman #464,Batman,1,464,,DC,Early July 91,1.00,Downtown Books (Milwaukee WI),2007.07.21,0.79,1,
367,Batman #466,Batman,1,466,,DC,Early Aug 91,1.00,The Great Escape,01.18.2003,2.00,1,No More Heroes
5,Batman #467,Batman,1,467,,DC,Late Aug 91,1.00,,,,1,Shadow Box Part One
6,Batman #468,Batman,1,468,,DC,Early Sep 91,1.00,,,,1,Shadow Box Part Two
7,Batman #469,Batman,1,469,,DC,Late Sep 91,1.00,,,,1,Shadow Box Part Three
357,Batman #470,Batman,1,470,,DC,Oct 91,1.00,Power House Comics,12.20.2002,1.75,1,War of the Gods 15 (?)
8,Batman #471,Batman,1,471,,DC,Nov 91,1.00,,,,1,
9,Batman #472,Batman,1,472,,DC,Dec 91,1.00,,,,1,The Idiot Root Part One
10,Batman #473,Batman,1,473,,DC,Jan 92,1.00,,,,1,The Idiot Root Part Three
11,Batman #474,Batman,1,474,,DC,Feb 92,1.00,,,,1,The Destroyer Part One: A Tale of Two Cities
12,Batman #475,Batman,1,475,,DC,Mar 92,1.00,,,,1,The Return of Scarface Part One
13,Batman #476,Batman,1,476,,DC,Apr 92,1.00,,,,1,The Return of Scarface Part Three: The Gig Heat
410,Batman #477,Batman,1,477,,DC,Early May 92,1.25,The Great Escape,03.14.2003,2.25,1,A Gotham Tale Part 1: Gargoyles
411,Batman #478,Batman,1,478,,DC,Late May 92,1.25,The Great Escape,03.14.2003,2.00,1,A Gotham Tale Part 2: Venging Spirits
493,Batman #479,Batman,1,479,,DC,Early June 92,1.25,Westfield's Comics (Madison),2006.04.29,2.00,1,
14,Batman #481,Batman,1,481,,DC,Early July 92,1.25,,,,1,Messenger of Zeus
358,Batman #482,Batman,1,482,,DC,July 92,1.25,Power House Comics,12.20.2002,1.75,1,Vengeance of the Harpy
368,Batman #483,Batman,1,483,,DC,Aug 92,1.25,The Great Escape,01.18.2003,2.00,1,Crash & Burn: A Love Story
369,Batman #484,Batman,1,484,,DC,Sep 92,1.25,The Great Escape,01.18.2003,2.00,1,War Paint
370,Batman #485,Batman,1,485,,DC,Oct 92,1.25,The Great Escape,01.18.2003,2.00,1,Faces of Death
15,Batman Family #9,The Batman Family,3,9,,DC,Feb 77,0.50,,,,1,
16,Batman: Gotham Nights #1,Batman: Gotham Nights,1,1,,DC,March 92,1.25,,,,1,Part One of Four
17,Batman: Gotham Nights #2,Batman: Gotham Nights,1,2,,DC,April 92,1.25,,,,1,Part Two of Four
18,Batman: Gotham Nights #3,Batman: Gotham Nights,1,3,,DC,May 92,1.25,,,1.25,1,Part Three of Four
19,Batman: Gotham Nights #4,Batman: Gotham Nights,1,4,,DC,Jun 92,1.25,,,,1,Part Four of Four
20,Batman: Gotham Nights II #2,Batman: Gotham Nights II,1,2,,DC,Apr 95,1.95,,,,1,Part Two of Four
273,Bodycount #1,Bodycount,1,1,,Image,March 1996,2.50,,,,1,
274,Bodycount #2,Bodycount,1,2,,Image,,2.50,,,,2,
275,Bodycount #3,Bodycount,1,3,,Image,,2.50,,,3.00,1,
276,Bodycount #4,Bodycount,1,4,,Image,,2.50,,,3.00,1,
292,Casey Jones #1 of 2,Casey Jones: North by Downeast,1,1,,Mirage,,2.75,,,,1,North By Downeast
461,Casey Jones #2 of 2,Casey Jones: North by Downeast,1,2,,Mirage,July 1994,2.75,Mirage Publishing (Online),2005.08.26,2.75,1,
293,Casey Jones and Raphael #1,Casey Jones and Raphael,1,1,,Mirage,,2.75,,,,1,
301,Conservation Corps #1,Conservation Corps,1,1,,Archie,,1.25,,,,1,
302,Conservation Corps #2,Conservation Corps,1,2,,Archie,,1.25,,,,1,
303,Conservation Corps #3,Conservation Corps,1,3,,Archie,,1.25,,,,1,
42,Creed/Teenage Mutant Ninja Turtles #1,[crossover],1,1,,Lightning Comics,May 1996,3.00,,,3.00,1,
304,Death of Superman,Superman,1,1,,DC,,4.95,,,,1,
562,Detective Comics #604,Detective Comics,1,604,,DC,,1.00,Downtown Books (Milwaukee WI),2007.07.21,1.49,1,
563,Detective Comics #605,Detective Comics,1,605,,DC,,1.00,Downtown Books (Milwaukee WI),2007.07.21,1.79,1,
564,Detective Comics #606,Detective Comics,1,606,,DC,,1.00,Downtown Books (Milwaukee WI),2007.07.21,1.79,1,
391,Detective Comics #608,Detective Comics,1,608,,DC,,1.00,The Great Escape,02.22.2003,2.00,1,Anarky in Gotham City: Part One: Letters to the Editor
392,Detective Comics #609,Detective Comics,1,609,,DC,,1.00,The Great Escape,02.22.2003,2.00,1,Anarky in Gotham City: Part Two: Facts About Bats
393,Detective Comics #610,Detective Comics,1,610,,DC,Jan 90,1.00,The Great Escape,02.22.2003,2.00,1,Snow and Ice: Part One: Ode to a Penguin
488,Detective Comics #611,Detective Comics,1,611,,DC,Feb 90,1.00,Westfield's Comics (Madison),2006.04.29,2.00,1,
489,Detective Comics #612,Detective Comics,1,612,,DC,Mar 90,1.00,Westfield's Comics (Madison),2006.04.29,2.00,1,
565,Detective Comics #612 [2nd copy],Detective Comics,1,612,,DC,Mar 90,1.00,Downtown Books (Milwaukee WI),2007.07.21,1.09,1,
394,Detective Comics #613,Detective Comics,1,613,,DC,Apr 90,1.00,The Great Escape,02.22.2003,2.00,1,Trash
566,Detective Comics #613 [2nd copy],Detective Comics,1,613,,DC,Apr 90,1.00,Downtown Books (Milwaukee WI),2007.07.21,0.79,1,
395,Detective Comics #614,Detective Comics,1,614,,DC,May 90,1.00,The Great Escape,02.22.2003,2.00,1,Street Demonz
567,Detective Comics #614 [2nd copy],Detective Comics,1,614,,DC,May 90,1.00,Downtown Books (Milwaukee WI),2007.07.21,0.79,1,
396,Detective Comics #615,Detective Comics,1,615,,DC,Early Jun 90,1.00,The Great Escape,02.22.2003,2.50,1,The Penguin Affair 2 of 3: Bird of Ill Omen!
568,Detective Comics #615 [2nd copy],Detective Comics,1,615,,DC,Early Jun 90,1.00,Downtown Books (Milwaukee WI),2007.07.21,1.49,1,
21,Detective Comics #616,Detective Comics,1,616,,DC,Late Jun 90,1.00,,,,1,Stone Killer
397,Detective Comics #617,Detective Comics,1,617,,DC,Early Jul 90,1.00,The Great Escape,02.22.2003,2.00,1,A Clash of Symbols
569,Detective Comics #617 [2nd copy],Detective Comics,1,617,,DC,Early Jul 90,1.00,Downtown Books (Milwaukee WI),2007.07.21,2.29,1,
398,Detective Comics #618,Detective Comics,1,618,,DC,Late Jul 90,1.00,The Great Escape,02.22.2003,2.00,1,Rite of Passage Part One: Shadow on the Sun
570,Detective Comics #618 [2nd copy],Detective Comics,1,618,,DC,Late Jul 90,1.00,Downtown Books (Milwaukee WI),2007.07.21,0.79,1,
399,Detective Comics #619,Detective Comics,1,619,,DC,Early Aug 90,1.00,The Great Escape,02.22.2003,2.00,1,Rite of Passage Part Two: Beyond Belief!
571,Detective Comics #619 [2nd copy],Detective Comics,1,619,,DC,Early Aug 90,1.00,Downtown Books (Milwaukee WI),2007.07.21,2.29,1,
400,Detective Comics #620,Detective Comics,1,620,,DC,Late Aug 90,1.00,The Great Escape,02.22.2003,2.00,1,Rite of Passage Part Three: Make Me a Hero
401,Detective Comics #621,Detective Comics,1,621,,DC,Sep 90,1.00,The Great Escape,02.22.2003,2.00,1,Rite of Passage Part Four: Trial By Fire
572,Detective Comics #621 [2nd copy],Detective Comics,1,621,,DC,Sep 90,1.00,Downtown Books (Milwaukee WI),2007.07.21,2.29,1,
490,Detective Comics #622,Detective Comics,1,622,,DC,Oct 90,1.00,Westfield's Comics (Madison),2006.04.29,2.00,1,
491,Detective Comics #623,Detective Comics,1,623,,DC,Nov 90,1.00,Westfield's Comics (Madison),2006.04.29,2.00,1,
573,Detective Comics #623 [2nd copy],Detective Comics,1,623,,DC,Nov 90,1.00,Downtown Books (Milwaukee WI),2007.07.21,1.49,1,
402,Detective Comics #624,Detective Comics,1,624,,DC,Dec 90,1.00,The Great Escape,02.22.2003,2.00,1,
403,Detective Comics #625,Detective Comics,1,625,,DC,Jan 91,1.00,The Great Escape,02.22.2003,2.00,1,Abattoir!
574,Detective Comics #625 [2nd copy],Detective Comics,1,625,,DC,Jan 91,1.00,Downtown Books (Milwaukee WI),2007.07.21,2.29,1,
379,Detective Comics #626,Detective Comics,1,626,,DC,Feb 91,1.00,Power House Comics,02.15.2003,1.75,1,Return to the Electrocutioner
575,Detective Comics #626 [2nd copy],Detective Comics,1,626,,DC,Feb 91,1.00,Downtown Books (Milwaukee WI),2007.07.21,0.69,1,
576,Detective Comics #627,Detective Comics,1,627,,DC,Mar 91,2.95,Downtown Books (Milwaukee WI),2007.07.21,1.29,1,
22,Detective Comics #628,Detective Comics,1,628,,DC,Apr 91,1.00,,,,1,Hearts
23,Detective Comics #629,Detective Comics,1,629,,DC,May 91,1.00,,,1.50,1,The Hungry Grass
380,Detective Comics #630,Detective Comics,1,630,,DC,Jun 91,1.00,Power House Comics,02.15.2003,1.75,1,And the Executioner Wore Stiletto Heels
577,Detective Comics #630 [2nd copy],Detective Comics,1,630,,DC,Jun 91,1.00,Downtown Books (Milwaukee WI),2007.07.21,2.29,1,
381,Detective Comics #631,Detective Comics,1,631,,DC,Early July 91,1.00,Power House Comics,02.15.2003,1.75,1,The Golem of Gotham Part One
578,Detective Comics #631 [2nd copy],Detective Comics,1,631,,DC,Early July 91,1.00,Downtown Books (Milwaukee WI),2007.07.21,2.29,1,
382,Detective Comics #632,Detective Comics,1,632,,DC,Late Jul 91,1.00,Power House Comics,02.15.2003,1.75,1,The Golem of Gotham Part Two
579,Detective Comics #632 [2nd copy],Detective Comics,1,632,,DC,Late Jul 91,1.00,Downtown Books (Milwaukee WI),2007.07.21,2.29,1,
383,Detective Comics #633,Detective Comics,1,633,,DC,Early Aug 91,1.00,Power House Comics,02.15.2003,1.75,1,Identity Crisis
384,Detective Comics #634,Detective Comics,1,634,,DC,Late Aug 91,1.00,Power House Comics,02.15.2003,1.75,1,The Third Man
385,Detective Comics #635,Detective Comics,1,635,,DC,Early Sep 91,1.00,Power House Comics,02.15.2003,1.75,1,Mind Games
386,Detective Comics #636,Detective Comics,1,636,,DC,Late Sep 91,1.00,Power House Comics,02.15.2003,1.75,1,Mind Control
404,Detective Comics #637,Detective Comics,1,637,,DC,Oct 91,1.00,The Great Escape,02.22.2003,2.00,1,Control Freak
24,Detective Comics #639,Detective Comics,1,639,,DC,Dec 91,1.00,,,,1,The Idiot Root Part Two
25,Detective Comics #640,Detective Comics,1,640,,DC,Jan 92,1.00,,,,1,The Idiot Root Part Four
492,Detective Comics #641,Detective Comics,1,641,,DC,Feb 92,1.00,Westfield's Comics (Madison),2006.04.29,2.00,1,
26,Detective Comics #642,Detective Comics,1,642,,DC,Mar 92,1.00,,,,1,The Return of Scarface Part Two
305,Donatello,Donatello,1,1,,Mirage,,1.50,,,,1,
306,Donatello and Leatherhead #1,Donatello and Leatherhead,1,1,,Archie,,1.25,,,,1,
307,Donatello and Leatherhead #2,Donatello and Leatherhead,1,2,,Archie,,1.25,,,,1,
308,Donatello and Leatherhead #3,Donatello and Leatherhead,1,3,,Archie,,1.25,,,,1,
309,DragonLance Fifth Age,DragonLance,1,1,,TSR,,,,,,1,
310,Flaming Carrot Comics #25,Flaming Carrot Comics,1,25,,Dark Horse Comics,,2.00,,,2.50,1,
311,Flaming Carrot Comics #26,Flaming Carrot Comics,1,26,,Dark Horse Comics,,2.25,,,,1,
312,Flaming Carrot Comics #27,Flaming Carrot Comics,1,27,,Dark Horse Comics,,2.25,,,4.00,1,
317,Fugitoid,Fugitoid,1,1,,Mirage,,1.50,,,,1,
518,"Ghost Rider Vol 2, #3",Ghost Rider,2,3,,Marvel,July 1990,1.50,"eBay, njpower2005",2006.06.04,4.50,1,"eBay, $1 + s/h"
478,Gizmo and the Fugitoid: Book One,Gizmo and the Fugitoid,1,1,,Mirage,June 1989,1.75,hundredsbeforemusicians (eBay),2005.09.09,4.39,1,
479,Gizmo and the Fugitoid: Book Two,Gizmo and the Fugitoid,1,2,,Mirage,July 1989,1.75,hundredsbeforemusicians (eBay),2005.09.09,4.39,1,
277,Gobbledygook,Gobbledygook,1,1,First Printing,Mirage,December 1986,3.50,,,,1,
278,Green-Grey Sponge-Suit Sushi Turtles: The Parody,Green-Grey Sponge-Suit Sushi Turtles,1,1,,Mirage,,,,,,2,
318,Grim Jack #26,Grim Jack,1,26,,First Comics,,1.25,,,,1,
512,Grunts #1,Grunts,1,1,,Mirage,Nov. 1987,2.00,"eBay, Jeff Mirrione",2006.04.24,10.94,1,"eBay, $6.99 + s/h"
279,How to Draw TMNT,Solson,1,1,,Solson,,2.25,,,,1,
319,Last of the Viking Heroes Summer Special #2,Last of the Viking Heroes,1,Summer Special 2,,Genesis West Comics,,2.50,,,,1,
320,Leonardo,Leonardo,1,1,,Mirage,,1.50,,,,1,
321,Magic the Gathering: The Shadow Mage,Magic the Gathering,1,1,,Armada,,2.50,,,,1,
324,Merdude and Michaelangelo,Merdude,1,1,,Archie,,1.25,,,,1,
325,Merdude and Mondo Gecko,Merdude,1,2,,Archie,,1.25,,,,1,
326,Merdude vs Ray Fillet,Merdude,1,3,,Archie,,1.25,,,,1,
327,Michaelangelo,Michaelangelo,1,1,,Mirage,,1.50,,,,2,
328,Michaelangelo Christmas Special,Michaelangelo Christmas Special,1,1,,Mirage,,,,,,1,
471,Mighty Mutanimals #1,Mighty Mutanimals,1,1,,Archie,April 1992,1.25,Mirage Publishing (Online),2005.08.26,5.00,1,
469,Mighty Mutanimals #1 of 3,Mighty Mutanimals Mini-Series,1,1,,Archie,May 1991,1.25,Mirage Publishing (Online),2005.08.26,5.00,1,
330,Mighty Mutanimals #2,Mighty Mutanimals,1,2,,Archie,,1.25,,,,1,
329,Mighty Mutanimals #2 of 3,Mighty Mutanimals Mini-Series,1,2,,Archie,,1.25,,,,1,
331,Mighty Mutanimals #3,Mighty Mutanimals,1,3,,Archie,,1.25,,,,1,
470,Mighty Mutanimals #3 of 3,Mighty Mutanimals Mini-Series,1,3,,Archie,July 1991,1.25,Mirage Publishing (Online),2005.08.26,5.00,1,
332,Mighty Mutanimals #4,Mighty Mutanimals,1,4,,Archie,,1.25,,,,1,
333,Mighty Mutanimals #5,Mighty Mutanimals,1,5,,Archie,,1.25,,,,1,
334,Mighty Mutanimals #6,Mighty Mutanimals,1,6,,Archie,,1.25,,,,1,
335,Mighty Mutanimals #7,Mighty Mutanimals,1,7,,Archie,,1.25,,,,1,
336,Mighty Mutanimals #8,Mighty Mutanimals,1,8,,Archie,,1.25,,,,1,
337,Mighty Mutanimals #9,Mighty Mutanimals,1,9,,Archie,,1.25,,,,1,
338,Mighty Mutanimals: Invasion From Space,Mighty Mutanimals,1,1,,Archie,,2.95,,,,1,
339,Mutant Universe Sourcebook #1,Mutant Universe Sourcebook,1,1,,Archie,,1.95,,,,1,
340,Mutant Universe Sourcebook #2,Mutant Universe Sourcebook,1,2,,Archie,,1.95,,,,1,
341,Mutant Universe Sourcebook #3,Mutant Universe Sourcebook,1,3,,Archie,,1.95,,,,1,
281,Plastron Cafe #2,Plastron Cafe,1,2,,Mirage,February 1993,2.25,,,,1,
354,Prime Slime Tales #1,Prime Slime Tales,1,1,1,Mirage,1986,1.50,Power House Comics,12.20.2002,5.25,1,
342,Raphael [1st],Raphael,1,1,1st Printing,Mirage,,1.50,,,,1,
343,Raphael [2nd],Raphael,1,1,2nd Printing,Mirage,,1.50,,,,2,
27,Robin #1,Robin,1,1,,DC,Jan 91,1.00,,,6.00,1,Part One of Five
28,Robin #2,Robin,1,2,,DC,Feb 91,1.00,,,,1,Part Two of Five
29,Robin #3,Rboin,1,3,,DC,Mar 91,1.00,,,,1,Part Three of Five
30,Robin #4,Robin,1,4,,DC,Apr 91,1.00,,,,1,Part Four of Five
31,Robin #5,Robin,1,5,,DC,May 91,1.00,,,,1,Part Five of Five
32,Robin II: Joker's Wild #1,Robin II: Joker's Wild,1,1,,DC,,1.50,,,,1,
545,"Savage Dragon #01, The",The Savage Dragon,1,01,1st,Image,June 1993,1.95,eBay (bmreman),2006.12.24,0.67,1,9 books for $8.06 after shipping.
43,"Savage Dragon #02, The",The Savage Dragon,1,02,1st,Image,July 1993,2.95,,,,1,
546,"Savage Dragon #02, The [2nd copy]",The Savage Dragon,1,02,1st,Image,July 1993,2.95,eBay (bmreman),2006.12.24,0.67,1,9 books for $8.06 after shipping.
547,"Savage Dragon #03, The",The Savage Dragon,1,03,1st,Image,August 1993,1.95,eBay (bmreman),2006.12.24,0.67,1,9 books for $8.06 after shipping.
548,"Savage Dragon #04, The",The Savage Dragon,1,04,1st,Image,September 1993,1.95,eBay (bmreman),2006.12.24,0.67,1,9 books for $8.06 after shipping.
549,"Savage Dragon #05, The",The Savage Dragon,1,05,1st,Image,October 1993,1.95,eBay (bmreman),2006.12.24,0.67,1,9 books for $8.06 after shipping.
550,"Savage Dragon #06, The",The Savage Dragon,1,06,1st,Image,November 1993,1.95,eBay (bmreman),2006.12.24,0.66,1,9 books for $8.06 after shipping.
551,"Savage Dragon #09, The",The Savage Dragon,1,09,1st,Image,April 1994,1.95,eBay (bmreman),2006.12.24,0.66,1,9 books for $8.06 after shipping.
552,"Savage Dragon #17, The",The Savage Dragon,1,17,1st,Image,February 1995,2.50,eBay (bmreman),2006.12.24,0.66,1,9 books for $8.06 after shipping.
44,Savage Dragon/Teenage Mutant Ninja Turtles Crossover,[crossover],1,1,1st,Mirage,Sept 93,2.75,,,,1,
553,Savage Dragon/Teenage Mutant Ninja Turtles Crossover [2nd copy],[crossover],1,1,1st,Mirage,Sept 93,2.75,eBay (bmreman),2006.12.24,0.66,1,9 books for $8.06 after shipping.
544,Shell Shock,Shell Shock,1,1,,Mirage,Dec 1989,12.95,eBay (oftimespast),2006.12.22,9.99,1,$15.49 after shipping.
33,Strange Adventures #226,Strange Adventures,1,226,,DC,Oct 1970,0.25,,,,1,
521,Tales of Leonardo: Blind Sight #1,Tales of Leonardo: Blind Sight,1,1,,Mirage,June 2006,3.25,Westfield's Comics (Madison),2006.12.03,3.25,1,Part One of Four
522,Tales of Leonardo: Blind Sight #2,Tales of Leonardo: Blind Sight,1,2,,Mirage,July 2006,3.25,Westfield's Comics (Madison),2006.12.03,3.25,1,Part Two of Four
531,Tales of Leonardo: Blind Sight #2 [2nd Copy],Tales of Leonardo: Blind Sight,1,2,,Mirage,July 2006,3.25,Mirage Publishing (Online),2006.12.09,3.25,1,
523,Tales of Leonardo: Blind Sight #3,Tales of Leonardo: Blind Sight,1,3,,Mirage,August 2006,3.25,Westfield's Comics (Madison),2006.12.03,3.25,1,Part Three of Four
532,Tales of Leonardo: Blind Sight #3 [2nd Copy],Tales of Leonardo: Blind Sight,1,3,,Mirage,August 2006,3.25,Mirage Publishing (Online),2006.12.09,3.25,1,
524,Tales of Leonardo: Blind Sight #4,Tales of Leonardo: Blind Sight,1,4,First Printing,Mirage,September 2006,3.25,Westfield's Comics (Madison),2006.12.03,3.25,1,Part Four of Four
533,Tales of Leonardo: Blind Sight #4 [2nd Copy],Tales of Leonardo: Blind Sight,1,4,,Mirage,September 2006,3.25,Mirage Publishing (Online),2006.12.09,3.25,1,
582,Tales of the Teenage Mutant Ninja Turles: Original Vol. 1 Series Treasury Edition,Tales of the TMNT: Treasury,1,1,First edition,Mirage,November 2007,18.00,Panel to Panel,2007.12.12,18.00,1,
62,Tales of the Teenage Mutant Ninja Turtles #1,Tales of the Teenage Mutant Ninja Turtles,1,1,,Mirage,May 1987,1.50,,,,1,
63,Tales of the Teenage Mutant Ninja Turtles #2,Tales of the Teenage Mutant Ninja Turtles,1,2,,Mirage,July 1987,1.50,,,,1,
64,Tales of the Teenage Mutant Ninja Turtles #3,Tales of the Teenage Mutant Ninja Turtles,1,3,,Mirage,October 1987,1.50,,,,2,
65,Tales of the Teenage Mutant Ninja Turtles #4,Tales of the Teenage Mutant Ninja Turtles,1,4,,Mirage,Jan 1988,1.50,,,,2,
66,Tales of the Teenage Mutant Ninja Turtles #5,Tales of the Teenage Mutant Ninja Turtles,1,5,,Mirage,May 1988,1.50,,,,1,
67,Tales of the Teenage Mutant Ninja Turtles #6,Tales of the Teenage Mutant Ninja Turtles,1,6,,Mirage,Aug 1988,1.50,,,,1,
68,Tales of the Teenage Mutant Ninja Turtles #7,Tales of the Teenage Mutant Ninja Turtles,1,7,1st,Mirage,Apr 1989,1.50,,,,1,
464,Tales of the TMNT #01,Tales of the TMNT,2,01,First Printing,Mirage,January 2004,2.95,Mirage Publishing (Online),2005.08.26,3.00,1,
430,Tales of the TMNT #02,Tales of the TMNT,2,02,,Mirage,Mar 2004,2.95,Westfield Comics,2005.07.23,2.95,1,
431,Tales of the TMNT #03,Tales of the TMNT,2,03,,Mirage,May 2004,2.95,Westfield Comics,2005.07.23,2.95,1,
432,Tales of the TMNT #04,Tales of the TMNT,2,04,,Mirage,July 2004,2.95,Westfield Comics,2005.07.23,2.95,1,
433,Tales of the TMNT #05,Tales of the TMNT,2,05,,Mirage,Sept 2004,2.95,Westfield Comics,2005.07.23,2.95,1,
434,Tales of the TMNT #06,Tales of the TMNT,2,06,,Mirage,Nov 2004,2.95,Westfield Comics,2005.07.23,2.95,1,
465,Tales of the TMNT #07,Tales of the TMNT,2,07,First Printing,Mirage,January 2005,2.95,Mirage Publishing (Online),2005.08.26,3.00,1,
435,Tales of the TMNT #08,Tales of the TMNT,2,08,,Mirage,Feb 2005,3.25,Westfield Comics,2005.07.23,3.25,1,
436,Tales of the TMNT #09,Tales of the TMNT,2,09,,Mirage,Mar 2005,3.25,Westfield Comics,2005.07.23,3.25,1,
437,Tales of the TMNT #10,Tales of the TMNT,2,10,,Mirage,April 2005,3.25,Westfield Comics,2005.07.23,3.25,1,
438,Tales of the TMNT #11,Tales of the TMNT,2,11,,Mirage,May 2005,3.25,Westfield Comics,2005.07.23,3.25,1,
466,Tales of the TMNT #12,Tales of the TMNT,2,12,First Printing,Mirage,June 2005,3.25,Mirage Publishing (Online),2005.08.26,3.25,1,
467,Tales of the TMNT #13,Tales of the TMNT,2,13,First Printing,Mirage,July 2005,3.25,Mirage Publishing (Online),2005.08.26,3.25,1,
494,Tales of the TMNT #14,Tales of the TMNT,2,14,,Mirage,Aug 2005,3.25,Westfield's Comics (Madison),2006.04.29,3.25,1,
495,Tales of the TMNT #15,Tales of the TMNT,2,15,,Mirage,Sept 2005,3.25,Westfield's Comics (Madison),2006.04.29,3.25,1,
534,Tales of the TMNT #16,Tales of the TMNT,2,16,,Mirage,October 2005,3.25,Mirage Publishing (Online),2006.12.09,3.25,1,
496,Tales of the TMNT #17,Tales of the TMNT,2,17,,Mirage,Nov 2005,3.25,Westfield's Comics (Madison),2006.04.29,3.25,1,
497,Tales of the TMNT #18,Tales of the TMNT,2,18,,Mirage,Dec 2005,3.25,Westfield's Comics (Madison),2006.04.29,3.25,1,
498,Tales of the TMNT #19,Tales of the TMNT,2,19,,Mirage,Jan 2006,3.25,Westfield's Comics (Madison),2006.04.29,3.25,1,
499,Tales of the TMNT #20,Tales of the TMNT,2,20,,Mirage,Feb 2006,3.25,Westfield's Comics (Madison),2006.04.29,3.25,1,
500,Tales of the TMNT #21,Tales of the TMNT,2,21,,Mirage,March 2006,3.25,Westfield's Comics (Madison),2006.04.29,3.25,1,
525,Tales of the TMNT #22,Tales of the TMNT,2,22,,Mirage,April 2006,3.25,Westfield's Comics (Madison),2006.12.03,3.25,1,
535,Tales of the TMNT #22 [2nd Copy],Tales of the TMNT,2,22,,Mirage,April 2006,3.25,Mirage Publishing (Online),2006.12.09,3.25,1,
526,Tales of the TMNT #23,Tales of the TMNT,2,23,,Mirage,May 2006,3.25,Westfield's Comics (Madison),2006.12.03,3.25,1,
536,Tales of the TMNT #23 [2nd Copy],Tales of the TMNT,2,23,,Mirage,May 2006,3.25,Mirage Publishing (Online),2006.12.09,3.25,1,
527,Tales of the TMNT #24,Tales of the TMNT,2,24,,Mirage,June 2006,3.25,Westfield's Comics (Madison),2006.12.03,3.25,1,
537,Tales of the TMNT #24 [2nd copy],Tales of the TMNT,2,24,,Mirage,June 2006,3.25,Mirage Publishing (Online),2006.12.09,3.25,1,
538,Tales of the TMNT #25,Tales of the TMNT,2,25,,Mirage,July 2006,3.25,Mirage Publishing (Online),2006.12.09,3.25,1,
539,Tales of the TMNT #26,Tales of the TMNT,2,26,,Mirage,August 2006,3.25,Mirage Publishing (Online),2006.12.09,3.25,1,
540,Tales of the TMNT #27,Tales of the TMNT,2,27,,Mirage,September 2006,3.25,Mirage Publishing (Online),2006.12.09,3.25,1,
528,Tales of the TMNT #28,Tales of the TMNT,2,28,,Mirage,October 2006,3.25,Westfield's Comics (Madison),2006.12.03,3.25,1,
541,Tales of the TMNT #28 [2nd copy],Tales of the TMNT,2,28,,Mirage,October 2006,3.25,Mirage Publishing (Online),2006.12.09,3.25,1,
519,Tales of the TMNT: The Collected Books: Volume 1,Tales of the TMNT: The Collected Books,1,1,First Edition,Mirage,October 2006,12.00,PanelToPanel.net,2006.11.19,10.20,1,$10.90 for shipping.  Ouch (especially since I received on the 29th).
554,Tales of the TMNT: The Collected Books: Volume 2 [1st copy],Tales of the TMNT: The Collected Books,1,2,First Edition,Mirage,January 2007,12.00,PanelToPanel.net,2007.02.09,11.40,1,$11.85 for shipping.  Black Leonardo w/ white background.
555,Tales of the TMNT: The Collected Books: Volume 2 [2nd copy],Tales of the TMNT: The Collected Books,1,2,First Edition,Mirage,January 2007,12.00,PanelToPanel.net,2007.02.09,11.40,1,$11.85 for shipping.  White Leonardo w/ black background.
557,Tales of the TMNT: The Collected Books: Volume 3,Tales of the TMNT: The Collected Books,1,3,First Edition,Mirage,June 2007,12.00,PanelToPanel.net,2007.07.09,11.40,1,
580,Tales of the TMNT: The Collected Books: Volume 4,Tales of the TMNT: The Collected Books,1,4,First Edition,Mirage,September 2007,13.00,PanelToPanel.net,2007.09.26,12.35,1,$6.20 for shipping.
34,Teenage Mutant Ninja Turles Book I,Teenage Mutant Ninja Turtles First Comics Books,1,1,Fifth,First Comics,"August, 1989",9.95,,,,1,
36,Teenage Mutant Ninja Turles Book II,Teenage Mutant Ninja Turtles First Comics Books,1,2,Third,First Comics,"March, 1989",9.95,,,,1,
37,Teenage Mutant Ninja Turles Book II [2],Teenage Mutant Ninja Turtles First Comics Books,1,2,Third,First Comics,"March, 1989",9.95,,,0.65,1,
38,Teenage Mutant Ninja Turles Book III,Teenage Mutant Ninja Turtles First Comics Books,1,3,First,First Comics,"December, 1987",9.95,,,,1,
39,Teenage Mutant Ninja Turles Book III [2],Teenage Mutant Ninja Turtles First Comics Books,1,3,Third,First Comics,"March, 1989",9.95,,,0.65,1,
40,Teenage Mutant Ninja Turles Book IV,Teenage Mutant Ninja Turtles First Comics Books,1,4,First,First Comics,"November, 1988",9.95,,,,1,
41,Teenage Mutant Ninja Turles Book IV [2],Teenage Mutant Ninja Turtles First Comics Books,1,4,First,First Comics,"November, 1988",9.95,,,0.65,1,
71,Teenage Mutant Ninja Turtles Adventures #01 [1st - 'Archie Salutes'],Teenage Mutant Ninja Turtles Adventures,1,1,First,Archie,Mar 1989,1.00,,,,1,
72,Teenage Mutant Ninja Turtles Adventures #01 [2nd - w/o 'Archie Salutes'],Teenage Mutant Ninja Turtles Adventures,1,1,Second,Archie,Mar 1989,1.00,,,,1,
73,Teenage Mutant Ninja Turtles Adventures #02 [1st - 'Archie Salutes'],Teenage Mutant Ninja Turtles Adventures,1,2,First,Archie,May 1989,1.00,,,,1,
74,Teenage Mutant Ninja Turtles Adventures #02 [2nd - w/o 'Archie Salutes'],Teenage Mutant Ninja Turtles Adventures,1,2,Second,Archie,May 1989,1.00,,,,1,
75,Teenage Mutant Ninja Turtles Adventures #03,Teenage Mutant Ninja Turtles Adventures,1,3,,Archie,July 1989,1.00,,,,1,
76,Teenage Mutant Ninja Turtles Adventures #04,Teenage Mutant Ninja Turtles Adventures,1,4,,Archie,Sept 1989,1.00,,,,1,
77,Teenage Mutant Ninja Turtles Adventures #05,Teenage Mutant Ninja Turtles Adventures,1,5,,Archie,Oct 1989,1.00,,,,1,
78,Teenage Mutant Ninja Turtles Adventures #06,Teenage Mutant Ninja Turtles Adventures,1,6,,Archie,Nov 1989,1.00,,,,1,
79,Teenage Mutant Ninja Turtles Adventures #07,Teenage Mutant Ninja Turtles Adventures,1,7,,Archie,Dec 1989,1.00,,,,1,
80,Teenage Mutant Ninja Turtles Adventures #08,Teenage Mutant Ninja Turtles Adventures,1,8,,Archie,Feb 1990,1.00,,,,1,
81,Teenage Mutant Ninja Turtles Adventures #09,Teenage Mutant Ninja Turtles Adventures,1,9,,Archie,Mar 1990,1.00,,,,1,
82,Teenage Mutant Ninja Turtles Adventures #10,Teenage Mutant Ninja Turtles Adventures,1,10,,Archie,May 1990,1.00,,,,1,
83,Teenage Mutant Ninja Turtles Adventures #11,Teenage Mutant Ninja Turtles Adventures,1,11,,Archie,June 1990,1.00,,,,1,
84,Teenage Mutant Ninja Turtles Adventures #12,Teenage Mutant Ninja Turtles Adventures,1,12,,Archie,July 1990,1.00,,,,1,
85,Teenage Mutant Ninja Turtles Adventures #13,Teenage Mutant Ninja Turtles Adventures,1,13,,Archie,Aug 1990,1.00,,,,1,
86,Teenage Mutant Ninja Turtles Adventures #14,Teenage Mutant Ninja Turtles Adventures,1,14,,Archie,Sept 1990,1.00,,,,1,
87,Teenage Mutant Ninja Turtles Adventures #15,Teenage Mutant Ninja Turtles Adventures,1,15,,Archie,Oct 1990,1.00,,,,2,
468,Teenage Mutant Ninja Turtles Adventures #16,Teenage Mutant Ninja Turtles Adventures,1,16,,Archie,January 1991,1.00,Mirage Publishing (Online),2005.08.26,5.00,1,
88,Teenage Mutant Ninja Turtles Adventures #17,Teenage Mutant Ninja Turtles Adventures,1,17,,Archie,Feb 1991,1.00,,,,1,
89,Teenage Mutant Ninja Turtles Adventures #18,Teenage Mutant Ninja Turtles Adventures,1,18,,Archie,,1.00,,,,1,
90,Teenage Mutant Ninja Turtles Adventures #19,Teenage Mutant Ninja Turtles Adventures,1,19,,Archie,,1.25,,,,1,
91,Teenage Mutant Ninja Turtles Adventures #20,Teenage Mutant Ninja Turtles Adventures,1,20,,Archie,,1.25,,,,1,
92,Teenage Mutant Ninja Turtles Adventures #21,Teenage Mutant Ninja Turtles Adventures,1,21,,Archie,,1.25,,,,1,
93,Teenage Mutant Ninja Turtles Adventures #22,Teenage Mutant Ninja Turtles Adventures,1,22,,Archie,,1.25,,,,1,
94,Teenage Mutant Ninja Turtles Adventures #23,Teenage Mutant Ninja Turtles Adventures,1,23,,Archie,,1.25,,,,2,
95,Teenage Mutant Ninja Turtles Adventures #24,Teenage Mutant Ninja Turtles Adventures,1,24,,Archie,,1.25,,,,1,
96,Teenage Mutant Ninja Turtles Adventures #25,Teenage Mutant Ninja Turtles Adventures,1,25,,Archie,,1.25,,,,1,
97,Teenage Mutant Ninja Turtles Adventures #26,Teenage Mutant Ninja Turtles Adventures,1,26,,Archie,,1.25,,,,1,
98,Teenage Mutant Ninja Turtles Adventures #27,Teenage Mutant Ninja Turtles Adventures,1,27,,Archie,,1.25,,,,1,
99,Teenage Mutant Ninja Turtles Adventures #28,Teenage Mutant Ninja Turtles Adventures,1,28,,Archie,,1.25,,,,1,
100,Teenage Mutant Ninja Turtles Adventures #29,Teenage Mutant Ninja Turtles Adventures,1,29,,Archie,,1.25,,,,1,
101,Teenage Mutant Ninja Turtles Adventures #30,Teenage Mutant Ninja Turtles Adventures,1,30,,Archie,,1.25,,,,1,
102,Teenage Mutant Ninja Turtles Adventures #31,Teenage Mutant Ninja Turtles Adventures,1,31,,Archie,,1.25,,,,1,
103,Teenage Mutant Ninja Turtles Adventures #32,Teenage Mutant Ninja Turtles Adventures,1,32,,Archie,,1.25,,,,1,
104,Teenage Mutant Ninja Turtles Adventures #33,Teenage Mutant Ninja Turtles Adventures,1,33,,Archie,,1.25,,,,1,
105,Teenage Mutant Ninja Turtles Adventures #34,Teenage Mutant Ninja Turtles Adventures,1,34,,Archie,,1.25,,,,1,
106,Teenage Mutant Ninja Turtles Adventures #35,Teenage Mutant Ninja Turtles Adventures,1,35,,Archie,,1.25,,,,1,
107,Teenage Mutant Ninja Turtles Adventures #36,Teenage Mutant Ninja Turtles Adventures,1,36,,Archie,,1.25,,,,1,
108,Teenage Mutant Ninja Turtles Adventures #37,Teenage Mutant Ninja Turtles Adventures,1,37,,Archie,,1.25,,,,1,
109,Teenage Mutant Ninja Turtles Adventures #38,Teenage Mutant Ninja Turtles Adventures,1,38,,Archie,,1.25,,,,1,
110,Teenage Mutant Ninja Turtles Adventures #39,Teenage Mutant Ninja Turtles Adventures,1,39,,Archie,,1.25,,,,1,
111,Teenage Mutant Ninja Turtles Adventures #40,Teenage Mutant Ninja Turtles Adventures,1,40,,Archie,Jan 1993,1.25,,,,1,
112,Teenage Mutant Ninja Turtles Adventures #41,Teenage Mutant Ninja Turtles Adventures,1,41,,Archie,,1.25,,,,1,
113,Teenage Mutant Ninja Turtles Adventures #42,Teenage Mutant Ninja Turtles Adventures,1,42,,Archie,,1.25,,,,1,
114,Teenage Mutant Ninja Turtles Adventures #43,Teenage Mutant Ninja Turtles Adventures,1,43,,Archie,,1.25,,,,1,
115,Teenage Mutant Ninja Turtles Adventures #44,Teenage Mutant Ninja Turtles Adventures,1,44,,Archie,,1.25,,,,1,
116,Teenage Mutant Ninja Turtles Adventures #45,Teenage Mutant Ninja Turtles Adventures,1,45,,Archie,,1.25,,,,1,
117,Teenage Mutant Ninja Turtles Adventures #46,Teenage Mutant Ninja Turtles Adventures,1,46,,Archie,,1.25,,,,1,
118,Teenage Mutant Ninja Turtles Adventures #47,Teenage Mutant Ninja Turtles Adventures,1,47,,Archie,,1.25,,,,1,
119,Teenage Mutant Ninja Turtles Adventures #48,Teenage Mutant Ninja Turtles Adventures,1,48,,Archie,,1.25,,,,1,
120,Teenage Mutant Ninja Turtles Adventures #49,Teenage Mutant Ninja Turtles Adventures,1,49,,Archie,,1.25,,,,1,
121,Teenage Mutant Ninja Turtles Adventures #50,Teenage Mutant Ninja Turtles Adventures,1,50,,Archie,,1.50,,,,1,
122,Teenage Mutant Ninja Turtles Adventures #51,Teenage Mutant Ninja Turtles Adventures,1,51,,Archie,,1.25,,,,1,
123,Teenage Mutant Ninja Turtles Adventures #52,Teenage Mutant Ninja Turtles Adventures,1,52,,Archie,,1.25,,,,1,
124,Teenage Mutant Ninja Turtles Adventures #53,Teenage Mutant Ninja Turtles Adventures,1,53,,Archie,,1.25,,,,1,
125,Teenage Mutant Ninja Turtles Adventures #54,Teenage Mutant Ninja Turtles Adventures,1,54,,Archie,,1.25,,,,1,
126,Teenage Mutant Ninja Turtles Adventures #55,Teenage Mutant Ninja Turtles Adventures,1,55,,Archie,,1.25,,,,1,
127,Teenage Mutant Ninja Turtles Adventures #56,Teenage Mutant Ninja Turtles Adventures,1,56,,Archie,,1.25,,,,1,
128,Teenage Mutant Ninja Turtles Adventures #57,Teenage Mutant Ninja Turtles Adventures,1,57,,Archie,,1.25,,,,1,
129,Teenage Mutant Ninja Turtles Adventures #58,Teenage Mutant Ninja Turtles Adventures,1,58,,Archie,,1.25,,,,1,
130,Teenage Mutant Ninja Turtles Adventures #59,Teenage Mutant Ninja Turtles Adventures,1,59,,Archie,,1.50,,,,1,
131,Teenage Mutant Ninja Turtles Adventures #60,Teenage Mutant Ninja Turtles Adventures,1,60,,Archie,,1.50,,,,1,
132,Teenage Mutant Ninja Turtles Adventures #61,Teenage Mutant Ninja Turtles Adventures,1,61,,Archie,,1.50,,,,1,
133,Teenage Mutant Ninja Turtles Adventures #62,Teenage Mutant Ninja Turtles Adventures,1,62,,Archie,,1.75,,,,1,
134,Teenage Mutant Ninja Turtles Adventures #63,Teenage Mutant Ninja Turtles Adventures,1,63,,Archie,Dec 1994,1.50,,,,1,
135,Teenage Mutant Ninja Turtles Adventures #64,Teenage Mutant Ninja Turtles Adventures,1,64,,Archie,,1.50,,,,1,
136,Teenage Mutant Ninja Turtles Adventures #65,Teenage Mutant Ninja Turtles Adventures,1,65,,Archie,,1.50,,,,1,
137,Teenage Mutant Ninja Turtles Adventures #66,Teenage Mutant Ninja Turtles Adventures,1,66,,Archie,,1.50,,,,1,
138,Teenage Mutant Ninja Turtles Adventures #67,Teenage Mutant Ninja Turtles Adventures,1,67,,Archie,,1.50,,,,1,
139,Teenage Mutant Ninja Turtles Adventures #68,Teenage Mutant Ninja Turtles Adventures,1,68,,Archie,,1.50,,,,1,
140,Teenage Mutant Ninja Turtles Adventures #69,Teenage Mutant Ninja Turtles Adventures,1,69,,Archie,,1.50,,,,1,
141,Teenage Mutant Ninja Turtles Adventures #70,Teenage Mutant Ninja Turtles Adventures,1,70,,Archie,,1.50,,,,1,
142,Teenage Mutant Ninja Turtles Adventures #71,Teenage Mutant Ninja Turtles Adventures,1,71,,Archie,,1.50,,,,1,
143,Teenage Mutant Ninja Turtles Adventures #72,Teenage Mutant Ninja Turtles Adventures,1,72,,Archie,October 1995,1.50,,,,1,
69,"Teenage Mutant Ninja Turtles Adventures Mini-Series 1, #1 of 3",Teenage Mutant Ninja Turtles Adventures,1,1,,Archie,August 1988,1.00,,,,3,
70,"Teenage Mutant Ninja Turtles Adventures Mini-Series 1, #2 of 3",Teenage Mutant Ninja Turtles Adventures,1,2,,Archie,October 1988,1.00,,,,1,
144,"Teenage Mutant Ninja Turtles Adventures Mini-Series 2, #1 of 3",Teenage Mutant Ninja Turtles Adventures,1,1,,Archie,Jan 1996,1.50,,,,1,
145,"Teenage Mutant Ninja Turtles Adventures Mini-Series 2, #2 of 3",Teenage Mutant Ninja Turtles Adventures,1,2,,Archie,,1.50,,,,1,
146,"Teenage Mutant Ninja Turtles Adventures Mini-Series 2, #3 of 3",Teenage Mutant Ninja Turtles Adventures,1,3,,Archie,,1.50,,,,1,
45,Teenage Mutant Ninja Turtles Adventures Special #01,Teenage Mutant Ninja Turtles Adventures Special,1,1,,Archie,Summer 1992,2.50,,,,1,
46,Teenage Mutant Ninja Turtles Adventures Special #02,Teenage Mutant Ninja Turtles Adventures Special,1,2,,Archie,Fall 1992,2.50,,,,1,
47,Teenage Mutant Ninja Turtles Adventures Special #03,Teenage Mutant Ninja Turtles Adventures Special,1,3,,Archie,Winter 1992,2.50,,,,1,
48,Teenage Mutant Ninja Turtles Adventures Special #04,Teenage Mutant Ninja Turtles Adventures Special,1,4,,Archie,Spring 1993,2.50,,,,1,
49,Teenage Mutant Ninja Turtles Adventures Special #05,Teenage Mutant Ninja Turtles Adventures Special,1,5,,Archie,Summer 1993,2.50,,,,1,
50,Teenage Mutant Ninja Turtles Adventures Special #06,Teenage Mutant Ninja Turtles Adventures Special,1,6,,Archie,Fall 1993,1.95,,,,1,
51,Teenage Mutant Ninja Turtles Adventures Special #07,Teenage Mutant Ninja Turtles Adventures Special,1,7,,Archie,Winter 1993,1.95,,,,1,
52,Teenage Mutant Ninja Turtles Adventures Special #08,Teenage Mutant Ninja Turtles Adventures Special,1,8,,Archie,Spring 1994,1.95,,,,1,
53,Teenage Mutant Ninja Turtles Adventures Special #09,Teenage Mutant Ninja Turtles Adventures Special,1,9,,Archie,Summer 1994,1.95,,,,1,
54,Teenage Mutant Ninja Turtles Adventures Special #10,Teenage Mutant Ninja Turtles Adventures Special,1,10,,Archie,Fall 1994,2.00,,,,1,
55,Teenage Mutant Ninja Turtles Adventures Special #11,Teenage Mutant Ninja Turtles Adventures Special,1,11,,Archie,Winter 1994,2.00,,,,1,
259,Teenage Mutant Ninja Turtles Authorized Martial Arts Training Manual #1,TMNT Authorized Martial Arts Training Manual,1,1,,Solson,,2.25,,,,1,
260,Teenage Mutant Ninja Turtles Authorized Martial Arts Training Manual #2: Michaelangelo,TMNT Authorized Martial Arts Training Manual,1,2,,Solson,,2.25,,,,1,The Art of the Nunchaku
261,Teenage Mutant Ninja Turtles Authorized Martial Arts Training Manual #3: Donatello,TMNT Authorized Martial Arts Training Manual,1,3,,Solson,,2.25,,,,1,The Art of the Bo
262,Teenage Mutant Ninja Turtles Authorized Martial Arts Training Manual #4: Rafael,TMNT Authorized Martial Arts Training Manual,1,4,,Solson,,2.25,,,,1,Art of the Sai
263,Teenage Mutant Ninja Turtles Authorized Martial Arts Training Manual #5: Leonardo,TMNT Authorized Martial Arts Training Manual,1,5,,Mirage,,2.25,,,,1,Art of the Sword
264,Teenage Mutant Ninja Turtles Authorized Martial Arts Training Manual #6,TMNT Authorized Martial Arts Training Manual,1,6,,Solson,,2.25,,,,1,
61,Teenage Mutant Ninja Turtles Challenges,Teenage Mutant Ninja Turtles Challenges,1,1,,Mirage,1991,6.95,Appleton ?,,3.50,1,
505,Teenage Mutant Ninja Turtles DW #1,Teenage Mutant Ninja Turtles Dreamwave,1,1,,Dreamwave,June 2003,2.95,Westfield's Comics (Madison),2006.04.29,2.99,1,
506,Teenage Mutant Ninja Turtles DW #2,Teenage Mutant Ninja Turtles Dreamwave,1,2,,Dreamwave,July 2003,2.95,Westfield's Comics (Madison),2006.04.29,2.99,1,
507,Teenage Mutant Ninja Turtles DW #3,Teenage Mutant Ninja Turtles Dreamwave,1,3,,Dreamwave,August 2003,2.95,Westfield's Comics (Madison),2006.04.29,2.99,1,
508,Teenage Mutant Ninja Turtles DW #4,Teenage Mutant Ninja Turtles Dreamwave,1,4,,Dreamwave,September 2003,2.95,Westfield's Comics (Madison),2006.04.29,2.99,1,
509,Teenage Mutant Ninja Turtles DW #5,Teenage Mutant Ninja Turtles Dreamwave,1,5,,Dreamwave,October 2003,2.95,Westfield's Comics (Madison),2006.04.29,2.99,1,
510,Teenage Mutant Ninja Turtles DW #6,Teenage Mutant Ninja Turtles Dreamwave,1,6,,Dreamwave,November 2003,2.95,Westfield's Comics (Madison),2006.04.29,2.99,1,
229,"Teenage Mutant Ninja Turtles Image Vol 1, #01",Teenage Mutant Ninja Turtles Image Vol 1,1,01,,Image,June 1996,1.95,,,,1,
440,"Teenage Mutant Ninja Turtles Image Vol 1, #01 [2nd copy]",Teenage Mutant Ninja Turtles Image Vol 1,1,01,,Image,June 1996,1.95,eBay - Hamner,2005.07.19,0.54,1,16 comics for $8.76 (3.76 + 5 s/h)
230,"Teenage Mutant Ninja Turtles Image Vol 1, #02",Teenage Mutant Ninja Turtles Image Vol 1,1,02,,Image,,1.95,,,,1,
441,"Teenage Mutant Ninja Turtles Image Vol 1, #02 [2nd copy]",Teenage Mutant Ninja Turtles Image Vol 1,1,02,,Image,July 1996,1.95,eBay - Hamner,2005.07.19,0.54,1,16 comics for $8.76 (3.76 + 5 s/h)
231,"Teenage Mutant Ninja Turtles Image Vol 1, #03",Teenage Mutant Ninja Turtles Image Vol 1,1,03,,Image,,1.95,,,,1,
442,"Teenage Mutant Ninja Turtles Image Vol 1, #03 [2nd copy]",Teenage Mutant Ninja Turtles Image Vol 1,1,03,,Image,Sept 1996,1.95,eBay - Hamner,2005.07.19,0.54,1,16 comics for $8.76 (3.76 + 5 s/h)
232,"Teenage Mutant Ninja Turtles Image Vol 1, #04",Teenage Mutant Ninja Turtles Image Vol 1,1,04,,Image,,1.95,,,,1,
443,"Teenage Mutant Ninja Turtles Image Vol 1, #04 [2nd copy]",Teenage Mutant Ninja Turtles Image Vol 1,1,04,,Image,Oct 1996,1.95,eBay - Hamner,2005.07.19,0.54,1,16 comics for $8.76 (3.76 + 5 s/h)
233,"Teenage Mutant Ninja Turtles Image Vol 1, #05",Teenage Mutant Ninja Turtles Image Vol 1,1,05,,Image,,2.50,,,,1,
444,"Teenage Mutant Ninja Turtles Image Vol 1, #05 [2nd copy]",Teenage Mutant Ninja Turtles Image Vol 1,1,05,,Image,Dec 1996,2.50,eBay - Hamner,2005.07.19,0.55,1,16 comics for $8.76 (3.76 + 5 s/h)
234,"Teenage Mutant Ninja Turtles Image Vol 1, #06",Teenage Mutant Ninja Turtles Image Vol 1,1,06,,Image,,2.50,,,,2,
235,"Teenage Mutant Ninja Turtles Image Vol 1, #07",Teenage Mutant Ninja Turtles Image Vol 1,1,07,,Image,,2.50,,,,2,
236,"Teenage Mutant Ninja Turtles Image Vol 1, #08",Teenage Mutant Ninja Turtles Image Vol 1,1,08,,Image,,2.95,,,,1,
237,"Teenage Mutant Ninja Turtles Image Vol 1, #09",Teenage Mutant Ninja Turtles Image Vol 1,1,09,,Image,,2.95,,,,2,
238,"Teenage Mutant Ninja Turtles Image Vol 1, #10",Teenage Mutant Ninja Turtles Image Vol 1,1,10,,Image,,2.95,,,,1,
239,"Teenage Mutant Ninja Turtles Image Vol 1, #11",Teenage Mutant Ninja Turtles Image Vol 1,1,11,,Image,,2.95,,,,2,
240,"Teenage Mutant Ninja Turtles Image Vol 1, #12",Teenage Mutant Ninja Turtles Image Vol 1,1,12,,Image,,2.95,,,,2,
241,"Teenage Mutant Ninja Turtles Image Vol 1, #13",Teenage Mutant Ninja Turtles Image Vol 1,1,13,,Image,,2.95,,,,1,
242,"Teenage Mutant Ninja Turtles Image Vol 1, #14",Teenage Mutant Ninja Turtles Image Vol 1,1,14,,Image,,2.95,,,,1,
243,"Teenage Mutant Ninja Turtles Image Vol 1, #15",Teenage Mutant Ninja Turtles Image Vol 1,1,15,,Image,,2.95,,,,2,
244,"Teenage Mutant Ninja Turtles Image Vol 1, #16",Teenage Mutant Ninja Turtles Image Vol 1,1,16,,Image,,2.95,,,,1,
245,"Teenage Mutant Ninja Turtles Image Vol 1, #17",Teenage Mutant Ninja Turtles Image Vol 1,1,17,,Image,,2.95,,,,1,
246,"Teenage Mutant Ninja Turtles Image Vol 1, #18",Teenage Mutant Ninja Turtles Image Vol 1,1,18,,Image,,2.95,,,,2,
247,"Teenage Mutant Ninja Turtles Image Vol 1, #19",Teenage Mutant Ninja Turtles Image Vol 1,1,19,,Image,,2.95,,,,2,
248,"Teenage Mutant Ninja Turtles Image Vol 1, #20",Teenage Mutant Ninja Turtles Image Vol 1,1,20,,Image,,2.95,,,,1,
249,"Teenage Mutant Ninja Turtles Image Vol 1, #21",Teenage Mutant Ninja Turtles Image Vol 1,1,21,,Image,,2.95,,,,1,
250,"Teenage Mutant Ninja Turtles Image Vol 1, #22",Teenage Mutant Ninja Turtles Image Vol 1,1,22,,Image,,2.95,,,,1,
251,"Teenage Mutant Ninja Turtles Image Vol 1, #23",Teenage Mutant Ninja Turtles Image Vol 1,1,23,,Image,,2.95,,,,1,
252,"Teenage Mutant Ninja Turtles Image Vol 1, Trade Paperback",Teenage Mutant Ninja Trutles Image Vol 1 TPB,1,1,1st,Image,,9.95,,,,1,Issues 1-5
530,"Teenage Mutant Ninja Turtles Mirage Vol 1, #01 [2nd]",Teenage Mutant Ninja Turtles Mirage Vol 1,1,01,Second Printing,Mirage,June 1984,1.50,"Collector's Edge Comics (South), Milwaukee",2006.12.09,6.00,1,"Wow.  Not Mint, so not $20."
529,"Teenage Mutant Ninja Turtles Mirage Vol 1, #01 [3rd]",Teenage Mutant Ninja Turtles Mirage Vol 1,1,01,3rd,Mirage,February 1985,1.50,eBay - 20maker00,2006.11.24,20.99,1,15.99 + 5 s/h
147,"Teenage Mutant Ninja Turtles Mirage Vol 1, #01 [4th]",Teenage Mutant Ninja Turtles Mirage Vol 1,1,01,4th,Mirage,,1.50,,,,1,
148,"Teenage Mutant Ninja Turtles Mirage Vol 1, #01 [5th]",Teenage Mutant Ninja Turtles Mirage Vol 1,1,01,5th,Mirage,Aug 1988,1.50,,,,1,
475,"Teenage Mutant Ninja Turtles Mirage Vol 1, #01 [6th]: Special Deluxe Edition",Teenage Mutant Ninja Turtles Mirage Vol 1,1,01,Sixth Printing,Mirage,August 1992,5.95,Mirage Publishing (Online),2005.08.26,5.95,1,
476,"Teenage Mutant Ninja Turtles Mirage Vol 1, #01: Special PBBZ Limited Edition",Teenage Mutant Ninja Turtles Mirage Vol 1,1,01,,Mirage,April 2005,0.00,Mirage Publishing (Online),2005.08.26,5.00,1,
269,"Teenage Mutant Ninja Turtles Mirage Vol 1, #02 [1st]",Teenage Mutant Ninja Turtles Mirage Vol 1,1,02,1st,Mirage,,,Capital City Comics,2002.05.24,25.00,1,Under $25…
487,"Teenage Mutant Ninja Turtles Mirage Vol 1, #02 [2nd Printing]",Teenage Mutant Ninja Turtles Mirage Vol 1,1,02,2nd,Mirage,,,eBay - Jeff Johannigman,2006.04.23,25.99,1,21.49 + 4.50 s/h
149,"Teenage Mutant Ninja Turtles Mirage Vol 1, #02 [3rd]",Teenage Mutant Ninja Turtles Mirage Vol 1,1,02,3rd,Mirage,,1.50,,,,1,
511,"Teenage Mutant Ninja Turtles Mirage Vol 1, #03 [1st printing]",Teenage Mutant Ninja Turtles Mirage Vol 1,1,03,1st,Mirage,,1.50,Beachcomber Collectibles (eBay),2006.04.27,18.49,1,12.50 + 5.99 s/h
150,"Teenage Mutant Ninja Turtles Mirage Vol 1, #03 [2nd]",Teenage Mutant Ninja Turtles Mirage Vol 1,1,03,2nd,Mirage,Nov 1988,1.50,"?, Capital City Comics","?, 05.24.2002",3.00,2,Bought at Capital City Comics
151,"Teenage Mutant Ninja Turtles Mirage Vol 1, #04 [1st]",Teenage Mutant Ninja Turtles Mirage Vol 1,1,04,1st,Mirage,,1.50,Badgerland Comics,,13.00,1,
152,"Teenage Mutant Ninja Turtles Mirage Vol 1, #04 [2nd]",Teenage Mutant Ninja Turtles Mirage Vol 1,1,04,2nd,Mirage,May 1987,1.50,Yoder's Sun Prairie,,,1,
153,"Teenage Mutant Ninja Turtles Mirage Vol 1, #05 [1st]",Teenage Mutant Ninja Turtles Mirage Vol 1,1,05,1st,Mirage,,1.50,,,,1,
154,"Teenage Mutant Ninja Turtles Mirage Vol 1, #05 [2nd]",Teenage Mutant Ninja Turtles Mirage Vol 1,1,05,2nd,Mirage,Nov 1987,1.50,,,,1,
155,"Teenage Mutant Ninja Turtles Mirage Vol 1, #06 [1st]",Teenage Mutant Ninja Turtles Mirage Vol 1,1,06,1st,Mirage,,1.50,,,,2,
377,"Teenage Mutant Ninja Turtles Mirage Vol 1, #06 [1st] [3rd copy]",Teenage Mutant Ninja Turtles Mirage Vol 1,1,06,1st,Mirage,Feb 1986,1.50,House of Heroes (Oshkosh),02.15.2003,6.00,1,
156,"Teenage Mutant Ninja Turtles Mirage Vol 1, #06 [2nd]",Teenage Mutant Ninja Turtles Mirage Vol 1,1,06,2nd,Mirage,,1.50,,,,1,
157,"Teenage Mutant Ninja Turtles Mirage Vol 1, #07 [1st]",Teenage Mutant Ninja Turtles Mirage Vol 1,1,07,1st,Mirage,,1.75,,,,2,
415,"Teenage Mutant Ninja Turtles Mirage Vol 1, #07 [1st] [3rd copy]",Teenage Mutant Ninja Turtles Mirage Vol 1,1,07,1st,Mirage,,1.75,Power House Comics,2003.05.24,2.75,1,
517,"Teenage Mutant Ninja Turtles Mirage Vol 1, #07 [2nd printing]",Teenage Mutant Ninja Turtles Mirage Vol 1,1,07,2nd,Mirage,Jan 1989,1.50,eBay - Nathan Brown,2006.04.28,23.21,1,GBP 1.00 + 7.00 (s/h) + 10 USD = $23.21
158,"Teenage Mutant Ninja Turtles Mirage Vol 1, #08",Teenage Mutant Ninja Turtles Mirage Vol 1,1,08,1st,Mirage,,1.50,,,,3,
159,"Teenage Mutant Ninja Turtles Mirage Vol 1, #09",Teenage Mutant Ninja Turtles Mirage Vol 1,1,09,1st,Mirage,,1.50,,,,2,
160,"Teenage Mutant Ninja Turtles Mirage Vol 1, #10",Teenage Mutant Ninja Turtles Mirage Vol 1,1,10,1st,Mirage,Apr 1987,1.50,,,,2,
161,"Teenage Mutant Ninja Turtles Mirage Vol 1, #11",Teenage Mutant Ninja Turtles Mirage Vol 1,1,11,1st,Mirage,June 1987,1.50,,,,1,
162,"Teenage Mutant Ninja Turtles Mirage Vol 1, #12",Teenage Mutant Ninja Turtles Mirage Vol 1,1,12,1st,Mirage,Sept 1987,1.50,,,,2,
416,"Teenage Mutant Ninja Turtles Mirage Vol 1, #12 [3rd copy]",Teenage Mutant Ninja Turtles Mirage Vol 1,1,12,1st,Mirage,Sept 1987,1.50,The Great Escape,06.05.2003,3.00,1,
163,"Teenage Mutant Ninja Turtles Mirage Vol 1, #13",Teenage Mutant Ninja Turtles Mirage Vol 1,1,13,1st,Mirage,Feb 1988,1.50,,"?, 2002.04.21",,2,Second bought at The Great Escape for a little less then $3.00
164,"Teenage Mutant Ninja Turtles Mirage Vol 1, #14",Teenage Mutant Ninja Turtles Mirage Vol 1,1,14,1st,Mirage,May 1988,1.50,,,,1,
165,"Teenage Mutant Ninja Turtles Mirage Vol 1, #15",Teenage Mutant Ninja Turtles Mirage Vol 1,1,15,1st,Mirage,,1.50,,"?, 2002.04.21",,2,Second bought at The Great Escape for a little less then $3.00
166,"Teenage Mutant Ninja Turtles Mirage Vol 1, #16",Teenage Mutant Ninja Turtles Mirage Vol 1,1,16,1st,Mirage,July 1988,1.50,,,,1,
581,"Teenage Mutant Ninja Turtles Mirage Vol 1, #16 [2nd copy]",Teenage Mutant Ninja Turtles Mirage Vol 1,1,16,1st,Mirage,July 1988,1.50,Panel to Panel,2007.12.12,4.00,1,
167,"Teenage Mutant Ninja Turtles Mirage Vol 1, #17",Teenage Mutant Ninja Turtles Mirage Vol 1,1,17,1st,Mirage,Nov 1988,1.50,,"?, 2002.04.21",,2,Second bought at The Great Escape for a little less then $3.00
168,"Teenage Mutant Ninja Turtles Mirage Vol 1, #18",Teenage Mutant Ninja Turtles Mirage Vol 1,1,18,1st,Mirage,Feb 1989,1.50,"?, The Great Escape","?, 05.07.2002",2.50,2,
417,"Teenage Mutant Ninja Turtles Mirage Vol 1, #18 [3rd copy]",Teenage Mutant Ninja Turtles Mirage Vol 1,1,18,1st,Mirage,Feb 1989,1.50,The Great Escape,06.05.2003,3.00,1,
59,"Teenage Mutant Ninja Turtles Mirage Vol 1, #18, Color Reprint",Teenage Mutant Ninja Turtles Mirage Vol 1,1,18,Color Reprint,Mirage,December 1990,2.25,,,,1,
169,"Teenage Mutant Ninja Turtles Mirage Vol 1, #19",Teenage Mutant Ninja Turtles Mirage Vol 1,1,19,,Mirage,Mar 1989,1.75,,,,1,Return to New York Book One
170,"Teenage Mutant Ninja Turtles Mirage Vol 1, #20",Teenage Mutant Ninja Turtles Mirage Vol 1,1,20,,Mirage,Apr 1989,1.75,,,,1,Return to New York Book Two
171,"Teenage Mutant Ninja Turtles Mirage Vol 1, #21",Teenage Mutant Ninja Turtles Mirage Vol 1,1,21,,Mirage,May 1989,1.75,,,,1,Return to New York Book Three
172,"Teenage Mutant Ninja Turtles Mirage Vol 1, #22",Teenage Mutant Ninja Turtles Mirage Vol 1,1,22,,Mirage,June 1989,1.75,,,,1,
173,"Teenage Mutant Ninja Turtles Mirage Vol 1, #23",Teenage Mutant Ninja Turtles Mirage Vol 1,1,23,,Mirage,July 1989,1.75,,,,1,
174,"Teenage Mutant Ninja Turtles Mirage Vol 1, #24",Teenage Mutant Ninja Turtles Mirage Vol 1,1,24,,Mirage,Aug 1989,1.75,"Badgerland Comics, Sun Prairie WI (?)",,,1,
514,"Teenage Mutant Ninja Turtles Mirage Vol 1, #24 [2nd copy]",Teenage Mutant Ninja Turtles Mirage Vol 1,1,24,,Mirage,Aug. 1989,1.75,"eBay, Happy Hour Collectables",2006.04.27,0.99,1,"4 comics, plus $2.80 s/h"
175,"Teenage Mutant Ninja Turtles Mirage Vol 1, #25",Teenage Mutant Ninja Turtles Mirage Vol 1,1,25,,Mirage,Sept 1989,1.75,"Badgerland Comics, Sun Prairie WI (?)",,,1,
176,"Teenage Mutant Ninja Turtles Mirage Vol 1, #26",Teenage Mutant Ninja Turtles Mirage Vol 1,1,26,,Mirage,Oct 1989,1.75,"Badgerland Comics, Sun Prairie WI (?)",,,1,
515,"Teenage Mutant Ninja Turtles Mirage Vol 1, #26 [2nd copy]",Teenage Mutant Ninja Turtles Mirage Vol 1,1,26,,Mirage,Oct. 1989,1.75,"eBay, Happy Hour Collectables",2006.04.27,0.99,1,"4 comics, plus $2.80 s/h"
177,"Teenage Mutant Ninja Turtles Mirage Vol 1, #27",Teenage Mutant Ninja Turtles Mirage Vol 1,1,27,,Mirage,Nov 1989,1.75,,,,1,
178,"Teenage Mutant Ninja Turtles Mirage Vol 1, #28",Teenage Mutant Ninja Turtles Mirage Vol 1,1,28,,Mirage,Feb 1990,1.75,,,,1,
516,"Teenage Mutant Ninja Turtles Mirage Vol 1, #28 [2nd copy]",Teenage Mutant Ninja Turtles Mirage Vol 1,1,28,,Mirage,Feb. 1990,1.75,"eBay, Happy Hour Collectables",2006.04.27,0.99,1,"4 comics, plus $2.80 s/h"
179,"Teenage Mutant Ninja Turtles Mirage Vol 1, #29",Teenage Mutant Ninja Turtles Mirage Vol 1,1,29,,Mirage,March 1990,1.75,,,,1,
180,"Teenage Mutant Ninja Turtles Mirage Vol 1, #30",Teenage Mutant Ninja Turtles Mirage Vol 1,1,30,,Mirage,April 1990,1.75,,,,1,
181,"Teenage Mutant Ninja Turtles Mirage Vol 1, #31",Teenage Mutant Ninja Turtles Mirage Vol 1,1,31,,Mirage,July 1990,1.75,,,,1,Souls Winter (?)
182,"Teenage Mutant Ninja Turtles Mirage Vol 1, #32",Teenage Mutant Ninja Turtles Mirage Vol 1,1,32,,Mirage,August 1990,1.75,,,,1,
183,"Teenage Mutant Ninja Turtles Mirage Vol 1, #32 [color reprint]",Teenage Mutant Ninja Turtles Mirage Vol 1,1,32,color reprint,Mirage,April 1992,2.75,,,,1,
184,"Teenage Mutant Ninja Turtles Mirage Vol 1, #33",Teenage Mutant Ninja Turtles Mirage Vol 1,1,33,,Mirage,June 1990,1.95,,,,1,Turtles Take Time
185,"Teenage Mutant Ninja Turtles Mirage Vol 1, #34",Teenage Mutant Ninja Turtles Mirage Vol 1,1,34,,Mirage,September 1990,1.75,,,,1,Toitle Anxiety
480,"Teenage Mutant Ninja Turtles Mirage Vol 1, #34 [2nd copy]",Teenage Mutant Ninja Turtles Mirage Vol 1,1,34,,Mirage,September 1990,1.75,hundredsbeforemusicians (eBay),2005.09.09,4.38,1,Toitle Anxiety
186,"Teenage Mutant Ninja Turtles Mirage Vol 1, #35",Teenage Mutant Ninja Turtles Mirage Vol 1,1,35,,Mirage,March 1991,2.00,,,,1,Souls Withering
187,"Teenage Mutant Ninja Turtles Mirage Vol 1, #36",Teenage Mutant Ninja Turtles Mirage Vol 1,1,36,,Mirage,August 1991,2.00,,,,1,
188,"Teenage Mutant Ninja Turtles Mirage Vol 1, #37",Teenage Mutant Ninja Turtles Mirage Vol 1,1,37,,Mirage,June 1991,2.00,,,,1,
421,"Teenage Mutant Ninja Turtles Mirage Vol 1, #37 [2nd copy]",Teenage Mutant Ninja Turtles Mirage Vol 1,1,37,,Mirage,June 1991,2.00,The Great Escape,07.02.2003,3.00,1,
189,"Teenage Mutant Ninja Turtles Mirage Vol 1, #38",Teenage Mutant Ninja Turtles Mirage Vol 1,1,38,,Mirage,July 1991,2.00,,,,1,
190,"Teenage Mutant Ninja Turtles Mirage Vol 1, #39",Teenage Mutant Ninja Turtles Mirage Vol 1,1,39,,Mirage,September 1991,2.00,,,,1,
191,"Teenage Mutant Ninja Turtles Mirage Vol 1, #40",Teenage Mutant Ninja Turtles Mirage Vol 1,1,40,,Mirage,October 1991,2.00,,,,1,
192,"Teenage Mutant Ninja Turtles Mirage Vol 1, #41",Teenage Mutant Ninja Turtles Mirage Vol 1,1,41,,Mirage,November 1991,2.00,,,,1,
422,"Teenage Mutant Ninja Turtles Mirage Vol 1, #41 [2nd copy]",Teenage Mutant Ninja Turtles Mirage Vol 1,1,41,,Mirage,November 1991,2.00,The Great Escape,07.02.2003,3.00,1,
193,"Teenage Mutant Ninja Turtles Mirage Vol 1, #42",Teenage Mutant Ninja Turtles Mirage Vol 1,1,42,,Mirage,December 1991,2.00,,,,1,Juliet's Revenge
423,"Teenage Mutant Ninja Turtles Mirage Vol 1, #42 [2nd copy]",Teenage Mutant Ninja Turtles Mirage Vol 1,1,42,,Mirage,December 1991,2.00,The Great Escape,07.02.2003,3.00,1,
513,"Teenage Mutant Ninja Turtles Mirage Vol 1, #42 [3rd copy]",Teenage Mutant Ninja Turtles Mirage Vol 1,1,42,,Mirage,December 1991,2.00,"eBay, Happy Hour Collectables",2006.04.27,0.99,1,"4 comics, plus $2.80 s/h"
194,"Teenage Mutant Ninja Turtles Mirage Vol 1, #43",Teenage Mutant Ninja Turtles Mirage Vol 1,1,43,,Mirage,January 1992,2.00,"?, The Great Escape","?, 05.21.2002",2.55,2,Halls of Lost Legends
195,"Teenage Mutant Ninja Turtles Mirage Vol 1, #44",Teenage Mutant Ninja Turtles Mirage Vol 1,1,44,,Mirage,February 1992,2.00,,,,1,
418,"Teenage Mutant Ninja Turtles Mirage Vol 1, #44 [2nd copy]",Teenage Mutant Ninja Turtles Mirage Vol 1,1,44,,Mirage,Februrary 1992,2.00,The Great Escape,06.05.2003,3.00,1,
196,"Teenage Mutant Ninja Turtles Mirage Vol 1, #45",Teenage Mutant Ninja Turtles Mirage Vol 1,1,45,,Mirage,March 1992,2.00,,,,1,
197,"Teenage Mutant Ninja Turtles Mirage Vol 1, #46",Teenage Mutant Ninja Turtles Mirage Vol 1,1,46,,Mirage,April 1992,2.00,,,,1,
198,"Teenage Mutant Ninja Turtles Mirage Vol 1, #47",Teenage Mutant Ninja Turtles Mirage Vol 1,1,47,,Mirage,May 1992,2.00,,,,1,
199,"Teenage Mutant Ninja Turtles Mirage Vol 1, #48",Teenage Mutant Ninja Turtles Mirage Vol 1,1,48,,Mirage,June 1992,2.00,,,,1,Shades of Grey Part One of Two
200,"Teenage Mutant Ninja Turtles Mirage Vol 1, #49",Teenage Mutant Ninja Turtles Mirage Vol 1,1,49,,Mirage,July 1992,2.00,,,,1,Shades of Grey Part Two of Two
202,"Teenage Mutant Ninja Turtles Mirage Vol 1, #50",Teenage Mutant Ninja Turtles Mirage Vol 1,1,50,,Mirage,August 1992,2.00,,,,1,City at War Part One
203,"Teenage Mutant Ninja Turtles Mirage Vol 1, #51",Teenage Mutant Ninja Turtles Mirage Vol 1,1,51,,Mirage,,2.00,,,,1,City at War Part Two
204,"Teenage Mutant Ninja Turtles Mirage Vol 1, #52",Teenage Mutant Ninja Turtles Mirage Vol 1,1,52,,Mirage,,2.25,,,,1,City at War Part Three
205,"Teenage Mutant Ninja Turtles Mirage Vol 1, #53",Teenage Mutant Ninja Turtles Mirage Vol 1,1,53,,Mirage,,2.25,,,,1,City at War Part Four
206,"Teenage Mutant Ninja Turtles Mirage Vol 1, #54",Teenage Mutant Ninja Turtles Mirage Vol 1,1,54,,Mirage,,2.25,,,,1,City at War Part Five
207,"Teenage Mutant Ninja Turtles Mirage Vol 1, #55",Teenage Mutant Ninja Turtles Mirage Vol 1,1,55,,Mirage,,2.25,,,,1,City at War Part Six
208,"Teenage Mutant Ninja Turtles Mirage Vol 1, #56",Teenage Mutant Ninja Turtles Mirage Vol 1,1,56,,Mirage,,2.25,,,,1,City at War Part Seven
209,"Teenage Mutant Ninja Turtles Mirage Vol 1, #57",Teenage Mutant Ninja Turtles Mirage Vol 1,1,57,,Mirage,,2.25,,,,1,City at War Part Eight
210,"Teenage Mutant Ninja Turtles Mirage Vol 1, #58",Teenage Mutant Ninja Turtles Mirage Vol 1,1,58,,Mirage,,2.25,,,,1,City at War Part Nine
211,"Teenage Mutant Ninja Turtles Mirage Vol 1, #59",Teenage Mutant Ninja Turtles Mirage Vol 1,1,59,,Mirage,,2.25,,,,2,City at War Part Ten
212,"Teenage Mutant Ninja Turtles Mirage Vol 1, #60",Teenage Mutant Ninja Turtles Mirage Vol 1,1,60,,Mirage,,2.25,,,,1,City at War Part Eleven
213,"Teenage Mutant Ninja Turtles Mirage Vol 1, #61",Teenage Mutant Ninja Turtles Mirage Vol 1,1,61,,Mirage,,2.25,,,,1,City at War Part Twelve
214,"Teenage Mutant Ninja Turtles Mirage Vol 1, #62",Teenage Mutant Ninja Turtles Mirage Vol 1,1,62,,Mirage,August 1993,2.25,,,,1,City at War Part Thirteen
215,"Teenage Mutant Ninja Turtles Mirage Vol 2, #01",Teenage Mutant Ninja Turtles Mirage Vol 2,1,1,,Mirage,October 93,2.75,,,,1,
216,"Teenage Mutant Ninja Turtles Mirage Vol 2, #02",Teenage Mutant Ninja Turtles Mirage Vol 2,1,2,,Mirage,Dec 93,2.75,,,,1,
217,"Teenage Mutant Ninja Turtles Mirage Vol 2, #03",Teenage Mutant Ninja Turtles Mirage Vol 2,1,3,,Mirage,Feb 94,2.75,,,,1,
218,"Teenage Mutant Ninja Turtles Mirage Vol 2, #04",Teenage Mutant Ninja Turtles Mirage Vol 2,1,4,,Mirage,Apr 94,2.75,,,,1,
219,"Teenage Mutant Ninja Turtles Mirage Vol 2, #05",Teenage Mutant Ninja Turtles Mirage Vol 2,1,5,,Mirage,Jun 94,2.75,,,,1,
220,"Teenage Mutant Ninja Turtles Mirage Vol 2, #06",Teenage Mutant Ninja Turtles Mirage Vol 2,1,6,,Mirage,,2.75,,,,1,
221,"Teenage Mutant Ninja Turtles Mirage Vol 2, #07",Teenage Mutant Ninja Turtles Mirage Vol 2,1,7,,Mirage,,2.75,,,,1,
222,"Teenage Mutant Ninja Turtles Mirage Vol 2, #08",Teenage Mutant Ninja Turtles Mirage Vol 2,1,8,,Mirage,,2.75,,,,1,
223,"Teenage Mutant Ninja Turtles Mirage Vol 2, #09",Teenage Mutant Ninja Turtles Mirage Vol 2,1,9,,Mirage,,2.75,,,,1,
224,"Teenage Mutant Ninja Turtles Mirage Vol 2, #10",Teenage Mutant Ninja Turtles Mirage Vol 2,1,10,,Mirage,,2.75,,,,1,
225,"Teenage Mutant Ninja Turtles Mirage Vol 2, #11",Teenage Mutant Ninja Turtles Mirage Vol 2,1,11,,Mirage,,2.75,,,,1,
226,"Teenage Mutant Ninja Turtles Mirage Vol 2, #12",Teenage Mutant Ninja Turtles Mirage Vol 2,1,12,,Mirage,,2.75,,,,1,
227,"Teenage Mutant Ninja Turtles Mirage Vol 2, #13",Teenage Mutant Ninja Turtles Mirage Vol 2,1,13,,Mirage,Oct 95,2.75,,,,1,
420,"Teenage Mutant Ninja Turtles Mirage Vol 4, #01 [2nd Printing]",Teenage Mutant Ninja Turtles Mirage Vol 4,4,01,2nd Printing,Mirage,March 2003,2.95,Westfield Comics,2003.06.15,2.95,2,$2.95 each
359,"Teenage Mutant Ninja Turtles Mirage Vol 4, #02",Teenage Mutant Ninja Turtles Mirage Vol 4,4,02,1st Printing,Mirage,Feb 2002,2.95,Westfield's,01.05.2003,2.95,1,
419,"Teenage Mutant Ninja Turtles Mirage Vol 4, #02 [2nd copy]",Teenage Mutant Ninja Turtles Mirage Vol 4,4,02,1st Printing,Mirage,Feb 2002,2.95,Westfield Comics,2003.06.15,2.95,1,
463,"Teenage Mutant Ninja Turtles Mirage Vol 4, #02 [2nd Printing]",Teenage Mutant Ninja Turtles Mirage Vol 4,1,02,Second Printing,Mirage,March 2003,2.95,Mirage Publishing (Online),2005.08.26,3.00,1,
351,"Teenage Mutant Ninja Turtles Mirage Vol 4, #03",Teenage Mutant Ninja Turtles Mirage Vol 4,4,03,1st,Mirage,April 2002,2.95,Power House Comics,12.20.2002,3.25,1,
372,"Teenage Mutant Ninja Turtles Mirage Vol 4, #04",Teenage Mutant Ninja Turtles Mirage Vol 4,4,04,1st,Mirage,June 2002,2.95,The Collector's Exchange (Appleton),02.15.2003,3.00,1,
375,"Teenage Mutant Ninja Turtles Mirage Vol 4, #04 [2nd copy]",Teenage Mutant Ninja Turtles Mirage Vol 4,4,04,1st,Mirage,June 2002,2.95,House of Heroes (Oshkosh),02.15.2003,3.25,1,
352,"Teenage Mutant Ninja Turtles Mirage Vol 4, #05",Teenage Mutant Ninja Turtles Mirage Vol 4,4,05,1st,Mirage,August 2002,2.95,Power House Comics,12.20.2002,3.25,1,
376,"Teenage Mutant Ninja Turtles Mirage Vol 4, #05 [2nd copy]",Teenage Mutant Ninja Turtles Mirage Vol 4,4,05,1st,Mirage,Aug 2002,2.95,House of Heroes (Oshkosh),02.15.2003,3.25,1,
353,"Teenage Mutant Ninja Turtles Mirage Vol 4, #06",Teenage Mutant Ninja Turtles Mirage Vol 4,4,06,1st,Mirage,October 2002,2.95,Power House Comics,12.20.2002,2.95,1,
373,"Teenage Mutant Ninja Turtles Mirage Vol 4, #06 [2nd copy]",Teenage Mutant Ninja Turtles Mirage Vol 4,4,06,1st,Mirage,Oct 2002,2.95,The Collector's Exchange (Appleton),02.15.2003,3.00,1,
413,"Teenage Mutant Ninja Turtles Mirage Vol 4, #06 [3rd copy]",Teenage Mutant Ninja Turtles Mirage Vol 4,4,06,1st,Mirage,Oct 2002,2.95,Power House Comics,2003.05.24,3.25,1,
445,"Teenage Mutant Ninja Turtles Mirage Vol 4, #06 [4th copy]",Teenage Mutant Ninja Turtles Mirage Vol 4,4,06,,Mirage,Oct 2002,2.95,eBay - Hamner,2005.07.19,0.55,1,16 comics for $8.76 (3.76 + 5 s/h)
360,"Teenage Mutant Ninja Turtles Mirage Vol 4, #07",Teenage Mutant Ninja Turtles Mirage Vol 4,4,07,1st,Mirage,Dec 2002,2.95,Westfield's,01.05.2003,2.95,1,
374,"Teenage Mutant Ninja Turtles Mirage Vol 4, #07 [2nd copy]",Teenage Mutant Ninja Turtles Mirage Vol 4,4,07,1st,Mirage,Dec 2002,2.95,The Collector's Exchange (Appleton),02.15.2003,3.00,1,
414,"Teenage Mutant Ninja Turtles Mirage Vol 4, #07 [3rd copy]",Teenage Mutant Ninja Turtles Mirage Vol 4,4,07,1st,Mirage,Dec 2002,2.95,Power House Comics,2003.05.24,3.25,1,
446,"Teenage Mutant Ninja Turtles Mirage Vol 4, #07 [4th copy]",Teenage Mutant Ninja Turtles Mirage Vol 4,4,07,,Mirage,Dec 2002,2.95,eBay - Hamner,2005.07.19,0.55,1,16 comics for $8.76 (3.76 + 5 s/h)
371,"Teenage Mutant Ninja Turtles Mirage Vol 4, #08",Teenage Mutant Ninja Turtles Mirage Vol 4,4,08,1st,Mirage,Feb 2003,2.95,Chimera Hobby (Appleton),02.15.2003,2.95,1,
378,"Teenage Mutant Ninja Turtles Mirage Vol 4, #08 [2nd copy]",Teenage Mutant Ninja Turtles Mirage Vol 4,4,08,1st,Mirage,Feb 2003,2.95,Power House Comics,02.15.2003,2.95,1,
447,"Teenage Mutant Ninja Turtles Mirage Vol 4, #08 [3rd copy]",Teenage Mutant Ninja Turtles Mirage Vol 4,4,08,,Mirage,Feb 2003,2.95,eBay - Hamner,2005.07.19,0.55,1,16 comics for $8.76 (3.76 + 5 s/h)
412,"Teenage Mutant Ninja Turtles Mirage Vol 4, #09",Teenage Mutant Ninja Turtles Mirage Vol 4,4,09,1st,Mirage,Apr 2003,2.95,The Great Escape,04.23.2003,2.95,2,"Bought both at the same location, same day, for $2.95 each."
424,"Teenage Mutant Ninja Turtles Mirage Vol 4, #10",Teenage Mutant Ninja Turtles Mirage Vol 4,4,10,1st,Mirage,June 2003,3.95,The Great Escape,07.02.2003,3.95,2,Both bought for same price and at same place.
425,"Teenage Mutant Ninja Turtles Mirage Vol 4, #11",Teenage Mutant Ninja Turtles Mirage Vol 4,4,11,1st,Mirage,Aug 2003,2.95,Chimera Hobby (Appleton),09.09.2003,2.95,1,
448,"Teenage Mutant Ninja Turtles Mirage Vol 4, #11 [2nd copy]",Teenage Mutant Ninja Turtles Mirage Vol 4,4,11,,Mirage,Aug 2003,2.95,eBay - Hamner,2005.07.19,0.55,1,16 comics for $8.76 (3.76 + 5 s/h)
426,"Teenage Mutant Ninja Turtles Mirage Vol 4, #12",Teenage Mutant Ninja Turtles Mirage Vol 4,4,12,,Mirage,Oct 2003,2.95,Westfield Comics,07.23.2005,2.95,1,
449,"Teenage Mutant Ninja Turtles Mirage Vol 4, #13",Teenage Mutant Ninja Turtles Mirage Vol 4,4,13,,Mirage,Dec 2003,2.95,eBay - Hamner,2005.07.19,0.55,1,16 comics for $8.76 (3.76 + 5 s/h)
450,"Teenage Mutant Ninja Turtles Mirage Vol 4, #14",Teenage Mutant Ninja Turtles Mirage Vol 4,4,14,,Mirage,Feb 2004,2.95,eBay - Hamner,2005.07.19,0.55,1,16 comics for $8.76 (3.76 + 5 s/h)
451,"Teenage Mutant Ninja Turtles Mirage Vol 4, #15",Teenage Mutant Ninja Turtles Mirage Vol 4,4,15,,Mirage,Apr 2004,2.95,eBay - Hamner,2005.07.19,0.55,1,16 comics for $8.76 (3.76 + 5 s/h)
452,"Teenage Mutant Ninja Turtles Mirage Vol 4, #16",Teenage Mutant Ninja Turtles Mirage Vol 4,4,16,,Mirage,June 2004,2.95,eBay - Hamner,2005.07.19,0.55,1,16 comics for $8.76 (3.76 + 5 s/h)
453,"Teenage Mutant Ninja Turtles Mirage Vol 4, #17",Teenage Mutant Ninja Turtles Mirage Vol 4,4,17,,Mirage,Aug 2004,2.95,eBay - Hamner,2005.07.19,0.55,1,16 comics for $8.76 (3.76 + 5 s/h)
454,"Teenage Mutant Ninja Turtles Mirage Vol 4, #18",Teenage Mutant Ninja Turtles Mirage Vol 4,4,18,,Mirage,Oct 2004,2.95,eBay - Hamner,2005.07.19,0.55,1,16 comics for $8.76 (3.76 + 5 s/h)
455,"Teenage Mutant Ninja Turtles Mirage Vol 4, #19",Teenage Mutant Ninja Turtles Mirage Vol 4,4,19,,Mirage,Dec 2004,2.95,eBay - Hamner,2005.07.19,0.55,1,16 comics for $8.76 (3.76 + 5 s/h)
427,"Teenage Mutant Ninja Turtles Mirage Vol 4, #20",Teenage Mutant Ninja Turtles Mirage Vol 4,4,20,,Mirage,Feb 2005,2.95,Westfield Comics,07.23.2005,2.95,1,
428,"Teenage Mutant Ninja Turtles Mirage Vol 4, #21",Teenage Mutant Ninja Turtles Mirage Vol 4,4,21,,Mirage,Apr 2005,2.95,Westfield Comics,07.23.2005,2.95,1,
429,"Teenage Mutant Ninja Turtles Mirage Vol 4, #22",Teenage Mutant Ninja Turtles Mirage Vol 4,4,22,,Mirage,June 2005,2.95,Westfield Comics,07.23.2005,2.95,1,
502,"Teenage Mutant Ninja Turtles Mirage Vol 4, #23",Teenage Mutant Ninja Turtles Mirage Vol 4,4,23,,Mirage,Aug 2005,2.95,Westfield's Comics (Madison),2006.04.29,2.95,1,
503,"Teenage Mutant Ninja Turtles Mirage Vol 4, #24",Teenage Mutant Ninja Turtles Mirage Vol 4,4,24,,Mirage,Oct 2005,2.95,Westfield's Comics (Madison),2006.04.29,2.95,1,
504,"Teenage Mutant Ninja Turtles Mirage Vol 4, #25",Teenage Mutant Ninja Turtles Mirage Vol 4,4,25,,Mirage,Dec 2005,2.95,Westfield's Comics (Madison),2006.04.29,2.95,1,
501,"Teenage Mutant Ninja Turtles Mirage Vol 4, #26",Teenage Mutant Ninja Turtles Mirage Vol 4,4,26,1st,Mirage,Feb 2006,2.95,Westfield's Comics (Madison),2006.04.29,2.95,1,
542,"Teenage Mutant Ninja Turtles Mirage Vol 4, #27",Teenage Mutant Ninja Turtles Mirage Vol 4,4,27,,Mirage,April 2006,2.95,Mirage Publishing (Online),2006.12.09,3.00,1,
543,"Teenage Mutant Ninja Turtles Mirage Vol 4, #28",Teenage Mutant Ninja Turtles Mirage Vol 4,4,28,,Mirage,June 2006,2.95,Mirage Publishing (Online),2006.12.09,3.00,1,
58,"Teenage Mutant Ninja Turtles Special: ""Times"" Pipeline",Teenage Mutant Ninja Turtles Special,1,1,,Mirage,September 1992,2.95,,,,1,
56,Teenage Mutant Ninja Turtles Special: The Haunted Pizza,Teenage Mutant Ninja Turtles Special,1,1,,Mirage,October 1992,2.25,,,,1,
57,Teenage Mutant Ninja Turtles Special: The Maltese Turtle,Teenage Mutant Ninja Turtles Special,1,1,,Mirage,January 1993,2.95,,,,1,
258,Teenage Mutant Ninja Turtles Teach Karate Vol 1,Solson,1,1,,Solson,,2.25,,,,1,
462,Teenage Mutant Ninja Turtles TV Series Sourcebook,TV Series Sourcebook,1,1,,Mirage,Spring 2003,1.99,Mirage Publishing (Online),2005.08.26,0.00,1,
456,Teenage Mutant Ninja Turtles Volume One,Teenage Mutant Ninja Turtles Adventures collection,1,1,,Tundra,,9.95,"The Time Capsule, 537 Pontiac Ave, Cranston RI 029",2005.07.15,6.30,1,"eBay, 5 comics for $26.50, +$5s/h"
313,Teenage Mutant Ninja Turtles/Flaming Carrot #1,[crossover],1,1,,Mirage,November 1993,2.75,,,,1,
314,Teenage Mutant Ninja Turtles/Flaming Carrot #2,[crossover],1,2,,Mirage,December 1993,2.75,,,,1,
315,Teenage Mutant Ninja Turtles/Flaming Carrot #3,[crossover],1,3,,Mirage,January 1994,2.75,,,,1,
316,Teenage Mutant Ninja Turtles/Flaming Carrot #4,[crossover],1,4,,Mirage,February 1994,2.75,,,,1,
484,Teenage Mutant Ninja Turtles: The Collected Book Volume 1 (colour softcover),Teenage Mutant Ninja Turtles: The Collected Book,1,1,,Mirage,March 1990,16.95,eBay misterzipster,2005.09.10,6.53,1,"eBay, 3 comics for $19.59 w/ 3.23 s/h"
270,Teenage Mutant Ninja Turtles: The Collected Book Volume 1 (white/black softcover),Teenage Mutant Ninja Turtles: The Collected Book,1,1,"First Printing, 1988",Mirage,1988,,"Capital City Comics, Madison",,50.00,1,"Books 1-11, Mini-Series"
268,Teenage Mutant Ninja Turtles: The Collected Book Volume 2,Teenage Mutant Ninja Turtles: The Collected Book,1,2,,Mirage,May 1990,6.95,½ Price Books (West Mad),2002.05.12,3.00,1,"Books 12, 13, 14"
457,Teenage Mutant Ninja Turtles: The Collected Book Volume 2 [2nd copy],Teenage Mutant Ninja Turtles: The Collected Book,1,2,,Mirage,May 1990,6.95,"The Time Capsule, 537 Pontiac Ave, Cranston RI 029",2005.07.15,6.30,1,"eBay, 5 comics for $26.50, +$5s/h"
485,Teenage Mutant Ninja Turtles: The Collected Book Volume 2 [3rd copy],Teenage Mutant Ninja Turtles: The Collected Book,1,2,,Mirage,May 1990,6.95,,2005.09.10,6.53,1,"eBay, 3 comics for $19.59 w/ 3.23 s/h"
459,Teenage Mutant Ninja Turtles: The Collected Book Volume 3,Teenage Mutant Ninja Turtles: The Collected Book,1,3,,Mirage,June 1990,6.95,"The Time Capsule, 537 Pontiac Ave, Cranston RI 029",2005.07.15,6.30,1,"eBay, 5 comics for $26.50, +$5s/h"
481,Teenage Mutant Ninja Turtles: The Collected Book Volume 3 [2nd copy],Teenage Mutant Ninja Turtles: The Collected Book,1,3,,Mirage,June 1990,6.95,hundredsbeforemusicians (eBay),2005.09.09,4.38,1,
486,Teenage Mutant Ninja Turtles: The Collected Book Volume 3 [3rd copy],Teenage Mutant Ninja Turtles: The Collected Book,1,3,,Mirage,June 1990,6.95,,2005.09.10,6.53,1,"eBay, 3 comics for $19.59 w/ 3.23 s/h"
271,Teenage Mutant Ninja Turtles: The Collected Book Volume 4,Teenage Mutant Ninja Turtles: The Collected Book,1,4,First Printing,Mirage,October 1990,6.95,,,,1,Books 19-21
482,Teenage Mutant Ninja Turtles: The Collected Book Volume 4 [2nd copy],Teenage Mutant Ninja Turtles: The Collected Book,1,4,,Mirage,October 1990,6.95,hundredsbeforemusicians (eBay),2005.09.09,4.38,1,
474,Teenage Mutant Ninja Turtles: The Collected Book Volume 5,Teenage Mutant Ninja Turtles: The Collected Book,1,5,,Mirage,November 1990,6.95,Mirage Publishing (Online),2005.08.26,5.25,1,
483,Teenage Mutant Ninja Turtles: The Collected Book Volume 5 [2nd copy],Teenage Mutant Ninja Turtles: The Collected Book,1,5,,Mirage,November 1990,6.95,hundredsbeforemusicians (eBay),2005.09.09,4.38,1,
460,Teenage Mutant Ninja Turtles: The Collected Book Volume 6,Teenage Mutant Ninja Turtles: The Collected Book,1,6,,Mirage,July 1991,6.95,"The Time Capsule, 537 Pontiac Ave, Cranston RI 029",2005.07.15,6.30,1,"eBay, 5 comics for $26.50, +$5s/h"
272,Teenage Mutant Ninja Turtles: The Collected Tales of the TMNT,Teenage Mutant Ninja Turtles: The Collected Book,1,1,,Mirage,December 1989,,,,,1,Tales 1-7
458,Teenage Mutant Ninja Turtles: The Collected Tales of the TMNT [2nd copy],Teenage Mutant Ninja Turtles: The Collected Book,1,1,,Mirage,December 1989,,"The Time Capsule, 537 Pontiac Ave, Cranston RI 029",2005.07.15,6.30,1,"eBay, 5 comics for $26.50, +$5s/h"
294,TMNT Classics Digest #1,TMNT Classics Digest,1,1,,Archie,,1.75,,,,1,
295,TMNT Classics Digest #2,TMNT Classics Digest,1,2,,Archie,,1.75,,,,1,
296,TMNT Classics Digest #3,TMNT Classics Digest,1,3,,Archie,,1.75,,,,1,
297,TMNT Classics Digest #4,TMNT Classics Digest,1,4,,Archie,,1.75,,,,1,
298,TMNT Classics Digest #5,TMNT Classics Digest,1,5,,Archie,,1.75,,,,1,
299,TMNT Classics Digest #6,TMNT Classics Digest,1,6,,Archie,,1.75,,,,1,
300,TMNT Classics Digest #7,TMNT Classics Digest,1,7,,Archie,,1.75,,,,1,
322,TMNT Meet Archie,TMNT Meet Archie,1,1,,Archie,,2.50,,,,1,
323,TMNT Meet the Conservation Corps,TMNT Meet the Conservation Corps,1,1,,Archie,,2.50,,,,1,
344,TMNT Movie I (Comic Adaption - Archie),TMNT Movie I,1,1,,Archie,Summer 1990,2.50,,,,1,
345,TMNT Movie I (Prestige Adaption - Archie),TMNT Movie I,1,1,,Archie,,,,,,1,
346,TMNT Movie I (Prestige Adaption - Mirage),TMNT Movie I,1,1,,Mirage,,,,,,1,
347,TMNT Movie II (Comic Adaption - Archie),TMNT Movie II,1,1,,Archie,Summer 1991,2.50,,,,1,
348,TMNT Movie II (Prestige Adaption - Mirage),TMNT Movie II,1,1,,Mirage,,,,,,1,
349,TMNT Movie III (Comic Adaption - Archie),TMNT Movie III,1,1,,Archie,,2.50,,,,1,
350,TMNT Movie III (Prestige Adaption - Archie),TMNT Movie III,1,1,,Archie,,4.95,,,,1,
556,TMNT Soul's Winter: The Collected TMNT Work of Michael Zulli,Collected TMNT,1,1,First Edition,Mirage,February 2007,10.00,PanelToPanel.net,2007.02.09,9.00,1,Purchased along with Tales of the TMNT Vol. 2 (1st and 2nd copies).
558,TMNT: The Collected Movie Books,Collected Movie Books,1,1,First Edition,Mirage,July 2007,16.00,PanelToPanel.net,2007.07.09,15.20,1,
253,Turtle Soup #1,Turtle Soup,1,1,,Mirage,September 1987,2.00,,,,1,
254,Turtle Soup Book 1,Turtle Soup,1,1,,Mirage,November 1991,2.50,,,,1,
255,Turtle Soup Book 2,Turtle Soup,1,2,,Mirage,December 1991,2.50,,,,1,
256,Turtle Soup Book 3,Turtle Soup,1,3,,Mirage,January 1992,2.50,,,,1,
257,Turtle Soup Book 4,Turtle Soup,1,4,,Mirage,February 1992,2.50,,,,1,
60,Turtlemania Special #1,Teenage Mutant Ninja Turtles Special,1,1,Regular Printing,Other,1986,,"Capital City Comics, Madison",,25.00,1,
520,Usagi Yojimbo #10,Usagi Yojimbo,1,10,First,Other,August 1988,2.00,eBay (brycomics),2006.11.27,4.99,1,$8.98 total after shipping.
265,"Usagi Yojimbo Mirage Vol 2, #1",Usagi Yojimbo Mirage Vol 2,1,1,,Mirage,Mar 93,2.75,,,,1,
266,"Usagi Yojimbo Mirage Vol 2, #2",Usagi Yojimbo Mirage Vol 2,1,2,,Mirage,May 93,2.75,,,,1,
267,"Usagi Yojimbo Mirage Vol 2, #3",Usagi Yojimbo Mirage Vol 2,1,3,,Mirage,July 1993,2.75,,,,1,